Symbol,Series,Date,PrevClose,OpenPrice,HighPrice,LowPrice,LastPrice,ClosePrice,AveragePrice,TotalTradedQuantity,TurnoverInRs,No.ofTrades,DeliverableQty,%DlyQttoTradedQty
LICI,EQ,17-May-2022,949.0,872.0,918.95,860.0,873.0,875.25,890.62,48792877,43456135420.15,1388070,19115945.0,39.18
LICI,EQ,18-May-2022,875.25,885.55,891.0,874.1,874.75,876.35,881.94,8919761,7866711563.65,267592,2670371.0,29.94
LICI,EQ,19-May-2022,876.35,867.0,867.0,838.0,840.2,840.85,851.61,7372427,6278421130.0,330019,2943369.0,39.92
LICI,EQ,20-May-2022,840.85,848.55,856.8,825.0,825.3,826.15,836.44,7078291,5920581592.75,258445,2128536.0,30.07
LICI,EQ,23-May-2022,826.15,826.15,852.7,803.65,814.8,816.85,829.92,12444648,10328021622.55,318372,2019459.0,16.23
LICI,EQ,24-May-2022,816.85,818.0,834.7,816.85,824.8,823.1,826.16,4287864,3542461122.3,125350,980069.0,22.86
LICI,EQ,25-May-2022,823.1,831.5,841.45,814.25,814.95,820.3,830.57,4013031,3333111566.85,118372,1172387.0,29.21
LICI,EQ,26-May-2022,820.3,820.3,824.8,801.0,812.85,811.65,812.09,2796468,2270982495.5,111236,861111.0,30.79
LICI,EQ,27-May-2022,811.65,818.55,824.65,814.35,823.0,821.6,820.15,2215807,1817301040.8,71583,663050.0,29.92
LICI,EQ,30-May-2022,821.6,829.9,841.4,825.3,836.5,837.75,832.66,3133717,2609315048.15,102214,1072302.0,34.22
LICI,EQ,31-May-2022,837.75,810.0,822.0,810.0,810.85,811.3,815.91,4373090,3568041305.3,156207,1683405.0,38.49
LICI,EQ,01-Jun-2022,811.3,811.4,817.45,808.5,809.95,810.4,812.53,1670031,1356950436.65,60268,632787.0,37.89
LICI,EQ,02-Jun-2022,810.4,809.95,813.8,804.0,804.95,805.7,808.09,1565763,1265278541.55,62674,695656.0,44.43
LICI,EQ,03-Jun-2022,805.7,808.65,810.75,800.0,800.45,800.25,803.23,2052785,1648855316.35,85753,833483.0,40.6
LICI,EQ,06-Jun-2022,800.25,800.25,801.7,775.1,776.5,777.35,783.98,3033514,2378215884.1,128446,1323492.0,43.63
LICI,EQ,07-Jun-2022,777.35,772.9,772.9,751.8,752.9,753.0,758.44,3774512,2862736601.25,141820,1434834.0,38.01
LICI,EQ,08-Jun-2022,753.0,752.9,752.9,736.1,736.8,738.05,742.16,4103499,3045462482.8,135736,1222297.0,29.79
LICI,EQ,09-Jun-2022,738.05,729.9,736.0,720.1,721.6,721.7,726.67,3729113,2709840916.8,123350,1151741.0,30.89
LICI,EQ,10-Jun-2022,721.7,713.0,719.75,708.05,709.4,709.7,712.68,3464178,2468837860.0,103824,1079422.0,31.16
LICI,EQ,13-Jun-2022,709.7,690.9,690.9,667.0,669.5,668.25,677.24,7781730,5270102499.8,249414,3099998.0,39.84
LICI,EQ,14-Jun-2022,668.25,664.1,684.0,663.0,675.8,674.3,674.59,5348769,3608245380.35,157414,1475388.0,27.58
LICI,EQ,15-Jun-2022,674.3,681.0,709.7,679.1,688.55,690.15,696.76,9204318,6413184967.95,212630,1533565.0,16.66
LICI,EQ,16-Jun-2022,690.15,703.45,706.0,667.0,667.5,669.35,681.93,4049782,2761670236.85,116171,1205252.0,29.76
LICI,EQ,17-Jun-2022,669.35,669.1,669.35,651.0,654.35,654.55,656.45,4043000,2654031811.45,127630,1355391.0,33.52
LICI,EQ,20-Jun-2022,654.55,660.45,666.7,650.0,664.7,661.4,657.08,3522551,2314607773.45,83318,1143628.0,32.47
LICI,EQ,21-Jun-2022,661.4,667.0,671.4,663.0,664.2,665.2,666.02,2355354,1568704867.55,82919,980934.0,41.65
LICI,EQ,22-Jun-2022,665.2,666.0,684.9,664.1,667.3,668.6,674.83,3472810,2343542156.25,95640,677305.0,19.5
LICI,EQ,23-Jun-2022,668.6,670.2,674.7,658.6,665.0,665.15,666.99,1798979,1199905039.35,56213,514850.0,28.62
LICI,EQ,24-Jun-2022,665.15,669.3,673.55,659.1,661.3,661.65,663.8,1743400,1157262290.95,58549,633372.0,36.33
LICI,EQ,27-Jun-2022,661.65,670.0,670.0,661.7,664.8,664.8,664.54,1405766,934182953.9,48740,519723.0,36.97
LICI,EQ,28-Jun-2022,664.8,663.25,664.8,659.0,664.0,663.35,662.21,1004747,665355207.15,45785,388778.0,38.69
LICI,EQ,29-Jun-2022,663.35,660.1,696.85,657.8,677.05,678.5,679.2,4653282,3160507029.4,94830,1165688.0,25.05
LICI,EQ,30-Jun-2022,678.5,678.5,683.7,671.0,674.25,673.9,675.8,1681412,1136296717.65,45334,688854.0,40.97
LICI,EQ,01-Jul-2022,673.9,675.0,679.95,669.0,677.1,676.65,674.56,1330472,897477394.8,43901,544713.0,40.94
LICI,EQ,04-Jul-2022,676.65,678.0,694.0,678.0,693.4,692.3,686.31,1832039,1257350689.5,47824,702136.0,38.33
LICI,EQ,05-Jul-2022,692.3,698.0,712.9,697.0,701.1,702.65,706.37,3662593,2587151973.0,91372,1176173.0,32.11
LICI,EQ,06-Jul-2022,702.65,707.0,713.6,701.5,702.9,702.95,706.22,1253320,885122102.5,42509,396513.0,31.64
LICI,EQ,07-Jul-2022,702.95,708.0,714.7,696.0,697.05,698.05,705.08,1843219,1299613085.7,53719,560343.0,30.4
LICI,EQ,08-Jul-2022,698.05,701.25,710.8,701.25,708.0,708.1,706.8,2152750,1521568174.45,36683,1307438.0,60.73
LICI,EQ,11-Jul-2022,708.1,707.95,721.9,704.35,717.8,718.2,714.85,1638255,1171103979.6,56660,609432.0,37.2
LICI,EQ,12-Jul-2022,718.2,718.7,724.4,714.35,716.55,717.6,719.61,1355821,975656725.55,47479,573767.0,42.32
LICI,EQ,13-Jul-2022,717.6,719.9,723.9,715.45,718.3,718.85,719.53,887093,638285992.2,26594,356846.0,40.23
LICI,EQ,14-Jul-2022,718.85,720.1,721.25,709.0,715.0,712.3,715.7,874964,626214870.85,36905,416359.0,47.59
LICI,EQ,15-Jul-2022,712.3,719.45,721.25,705.05,708.2,708.5,710.42,999239,709879842.0,38934,389496.0,38.98
LICI,EQ,18-Jul-2022,708.5,710.0,713.65,693.0,695.85,696.5,702.59,1620545,1138583282.7,58500,836181.0,51.6
LICI,EQ,19-Jul-2022,696.5,697.0,699.0,688.0,688.2,688.85,691.43,1592940,1101413984.8,60778,780390.0,48.99
LICI,EQ,20-Jul-2022,688.85,694.3,696.75,686.75,687.1,687.7,690.77,1377738,951697390.15,53416,680298.0,49.38
LICI,EQ,21-Jul-2022,687.7,688.0,693.0,687.05,687.45,687.55,689.18,799923,551290856.25,28815,335449.0,41.94
LICI,EQ,22-Jul-2022,687.55,689.05,694.3,687.7,688.0,688.65,689.92,948078,654098111.4,28474,358696.0,37.83
LICI,EQ,25-Jul-2022,688.65,688.0,690.0,682.0,683.2,683.95,685.82,671602,460595945.2,26682,355161.0,52.88
LICI,EQ,26-Jul-2022,683.95,684.0,684.8,675.0,675.5,675.35,678.28,662692,449487557.6,30212,342217.0,51.64
LICI,EQ,27-Jul-2022,675.35,675.0,679.6,672.9,673.5,674.35,675.5,690747,466602336.35,28213,312882.0,45.3
LICI,EQ,28-Jul-2022,674.35,677.0,679.25,674.0,675.0,674.9,675.78,741896,501359252.35,27796,451400.0,60.84
LICI,EQ,29-Jul-2022,674.9,676.15,683.8,675.0,677.55,677.8,677.98,1519288,1030053842.65,45503,844453.0,55.58
LICI,EQ,01-Aug-2022,677.8,680.0,685.6,678.4,682.8,682.9,682.19,949173,647520012.7,33375,476414.0,50.19
LICI,EQ,02-Aug-2022,682.9,682.4,688.95,680.2,684.35,685.5,685.32,1061968,727792864.6,35387,511525.0,48.17
LICI,EQ,03-Aug-2022,685.5,685.0,688.0,677.0,678.6,678.3,680.57,951585,647616524.85,44698,488488.0,51.33
LICI,EQ,04-Aug-2022,678.3,682.0,683.45,670.7,674.0,673.7,676.45,1036357,701043310.65,39958,529502.0,51.09
LICI,EQ,05-Aug-2022,673.7,675.0,694.95,674.1,680.8,687.35,685.52,3867024,2650941112.9,130631,1912537.0,49.46
LICI,EQ,08-Aug-2022,687.35,680.35,688.0,678.5,679.7,680.0,682.99,1215231,829994164.2,36487,550192.0,45.27
LICI,EQ,10-Aug-2022,680.0,682.5,687.95,680.75,682.9,682.6,684.82,1133206,776043636.1,35723,472773.0,41.72
LICI,EQ,11-Aug-2022,682.6,685.45,689.8,681.3,683.0,682.65,685.66,1055646,723812770.25,33065,485628.0,46.0
LICI,EQ,12-Aug-2022,682.65,683.25,687.1,681.05,682.35,682.4,684.15,867471,593484281.55,35435,492544.0,56.78
LICI,EQ,16-Aug-2022,682.4,693.0,706.6,691.3,697.0,697.65,700.92,4029367,2824259387.0,105484,1316234.0,32.67
LICI,EQ,17-Aug-2022,697.65,702.0,704.0,697.0,697.5,697.95,700.4,1443441,1010991182.2,40053,726492.0,50.33
LICI,EQ,18-Aug-2022,697.95,698.9,703.5,695.0,696.0,696.25,698.22,1010173,705325586.25,30998,456555.0,45.2
LICI,EQ,19-Aug-2022,696.25,697.9,698.95,683.1,684.5,685.95,690.15,1403378,968536743.95,45662,834775.0,59.48
LICI,EQ,22-Aug-2022,685.95,684.9,684.9,675.0,675.55,675.3,677.47,1331779,902234434.25,62586,820352.0,61.6
LICI,EQ,23-Aug-2022,675.3,674.5,678.8,670.25,671.55,671.1,672.87,1053329,708749475.4,50966,595575.0,56.54
LICI,EQ,24-Aug-2022,671.1,673.1,683.0,672.0,675.9,676.25,675.93,1473399,995909789.7,34252,906521.0,61.53
LICI,EQ,25-Aug-2022,676.25,678.5,682.8,677.05,677.8,677.85,679.38,865146,587760656.3,26559,447082.0,51.68
LICI,EQ,26-Aug-2022,677.85,680.9,682.4,678.05,679.3,678.85,679.85,691903,470390755.8,23168,343180.0,49.6
LICI,EQ,29-Aug-2022,678.85,670.0,674.95,667.2,671.05,670.15,671.26,1400803,940303896.75,44021,830390.0,59.28
LICI,EQ,30-Aug-2022,670.15,673.5,676.95,672.2,674.5,673.5,674.43,689256,464858121.8,27569,344246.0,49.94
LICI,EQ,01-Sep-2022,673.5,673.0,676.85,668.05,669.0,668.7,671.54,1019021,684313643.75,36885,539394.0,52.93
LICI,EQ,02-Sep-2022,668.7,671.0,672.9,664.0,664.8,664.65,667.98,914138,610630230.3,49428,586125.0,64.12
LICI,EQ,05-Sep-2022,664.65,666.0,669.15,659.15,659.8,659.8,662.33,1467031,971663134.65,56661,983002.0,67.01
LICI,EQ,06-Sep-2022,659.8,662.0,663.85,651.0,653.1,652.8,655.29,1984406,1300362400.0,75449,1148929.0,57.9
LICI,EQ,07-Sep-2022,652.8,652.8,655.4,651.0,653.55,653.15,653.1,1236249,807388059.05,51188,704693.0,57.0
LICI,EQ,08-Sep-2022,653.15,656.0,659.0,652.3,653.55,653.85,654.83,1138616,745601552.9,42314,635269.0,55.79
LICI,EQ,09-Sep-2022,653.85,657.8,659.0,652.65,653.6,653.3,655.12,1220396,799507577.1,54979,697818.0,57.18
LICI,EQ,12-Sep-2022,653.3,655.0,656.75,651.6,652.05,652.2,653.08,1161662,758653714.6,59786,760972.0,65.51
LICI,EQ,13-Sep-2022,652.2,655.0,673.4,653.5,670.0,670.25,663.7,4249316,2820274563.9,85446,1769498.0,41.64
LICI,EQ,14-Sep-2022,670.25,664.7,678.0,662.2,662.25,663.45,668.45,2467127,1649140698.4,59977,1016485.0,41.2
LICI,EQ,15-Sep-2022,663.45,665.0,676.6,660.15,674.1,672.6,669.91,2899060,1942116044.6,63650,1095799.0,37.8
LICI,EQ,16-Sep-2022,672.6,670.9,671.7,653.35,655.0,654.8,660.95,1723016,1138831410.1,56599,910866.0,52.86
LICI,EQ,19-Sep-2022,654.8,658.3,663.55,654.0,654.7,654.75,658.02,1004677,661095595.3,30348,460588.0,45.84
LICI,EQ,20-Sep-2022,654.75,657.55,665.05,655.55,656.4,656.35,659.32,927521,611530158.95,28388,393288.0,42.4
LICI,EQ,21-Sep-2022,656.35,656.4,659.9,651.8,652.2,652.45,654.2,920171,601979465.2,36162,468299.0,50.89
LICI,EQ,22-Sep-2022,652.45,653.0,659.0,648.0,650.2,649.75,650.68,1270228,826514605.1,42829,577286.0,45.45
LICI,EQ,23-Sep-2022,649.75,651.6,652.95,642.0,642.75,642.8,646.27,1212921,783875754.5,49691,653616.0,53.89
LICI,EQ,26-Sep-2022,642.8,640.0,641.0,629.1,630.95,630.55,632.66,1072834,678741804.7,50412,556576.0,51.88
LICI,EQ,27-Sep-2022,630.55,632.0,637.6,628.0,628.95,628.8,631.05,1138955,718739854.1,42942,569993.0,50.05
LICI,EQ,28-Sep-2022,628.8,627.75,627.75,620.25,620.6,621.45,623.71,845815,527542042.25,38761,421712.0,49.86
LICI,EQ,29-Sep-2022,621.45,623.9,626.9,618.0,619.0,619.55,621.51,777577,483273105.85,38968,391193.0,50.31
LICI,EQ,30-Sep-2022,619.55,620.25,626.4,617.0,623.0,621.65,621.57,873228,542770020.85,32903,329267.0,37.71
LICI,EQ,03-Oct-2022,621.65,622.0,625.0,619.25,620.0,620.6,621.5,820751,510098944.85,26206,338851.0,41.29
LICI,EQ,04-Oct-2022,620.6,624.0,631.8,624.0,629.5,629.3,628.72,776287,488069497.75,24393,365677.0,47.11
LICI,EQ,06-Oct-2022,629.3,630.55,635.8,628.5,628.9,628.9,631.08,774273,488630553.8,30461,378806.0,48.92
LICI,EQ,07-Oct-2022,628.9,629.0,630.0,624.0,624.5,624.5,625.89,644846,403601450.75,20372,377133.0,58.48
LICI,EQ,10-Oct-2022,624.5,622.7,622.7,618.2,621.75,619.4,619.55,863600,535047200.45,32609,404273.0,46.81
LICI,EQ,11-Oct-2022,619.4,620.7,625.95,618.0,619.0,619.5,622.16,775141,482262640.3,28338,397020.0,51.22
LICI,EQ,12-Oct-2022,619.5,621.5,622.7,613.85,617.0,615.65,617.91,700431,432804896.25,26855,343101.0,48.98
LICI,EQ,13-Oct-2022,615.65,616.0,618.45,611.0,611.7,611.6,613.21,686400,420907177.65,32072,346776.0,50.52
LICI,EQ,14-Oct-2022,611.6,617.6,619.05,612.0,613.2,612.8,615.61,617660,380235806.25,23766,257169.0,41.64
LICI,EQ,17-Oct-2022,612.8,612.8,613.55,608.0,609.0,608.75,609.5,772169,470634877.55,29547,360352.0,46.67
LICI,EQ,18-Oct-2022,608.75,611.0,612.4,607.5,607.9,607.85,609.35,696884,424649557.95,30441,309839.0,44.46
LICI,EQ,19-Oct-2022,607.85,608.9,611.0,605.5,605.9,607.05,608.8,637868,388336566.65,29061,317860.0,49.83
LICI,EQ,20-Oct-2022,607.05,607.55,607.95,600.0,600.9,601.0,602.43,1042196,627844976.0,52511,600076.0,57.58
LICI,EQ,21-Oct-2022,601.0,601.15,601.15,588.0,588.95,589.2,593.55,1854225,1100567304.5,81962,1064561.0,57.41
LICI,EQ,24-Oct-2022,589.2,593.0,600.8,593.0,600.5,599.8,597.56,457731,273523294.55,23790,271829.0,59.39
LICI,EQ,25-Oct-2022,599.8,600.0,601.0,594.3,596.2,595.55,596.06,536666,319884113.45,25027,254431.0,47.41
LICI,EQ,27-Oct-2022,595.55,596.5,597.8,595.0,596.0,595.55,595.91,651827,388428520.65,34694,322876.0,49.53
LICI,EQ,28-Oct-2022,595.55,596.0,597.45,591.25,592.65,592.7,594.45,737228,438243645.35,34403,339450.0,46.04
LICI,EQ,31-Oct-2022,592.7,606.9,616.8,602.8,603.85,603.95,607.91,2929385,1780809473.9,85498,1573012.0,53.7
LICI,EQ,01-Nov-2022,603.95,608.95,608.95,603.95,605.2,605.2,605.45,1013858,613844329.6,36937,531020.0,52.38
LICI,EQ,02-Nov-2022,605.2,607.0,622.0,603.1,619.0,619.4,614.78,1836761,1129201518.3,47782,659920.0,35.93
LICI,EQ,03-Nov-2022,619.4,619.0,629.0,616.0,625.5,625.65,625.05,1604869,1003127327.2,43869,552085.0,34.4
LICI,EQ,04-Nov-2022,625.65,628.0,630.9,626.3,626.95,628.05,628.0,662123,415815782.95,22570,329751.0,49.8
LICI,EQ,07-Nov-2022,628.05,629.0,638.0,629.0,633.75,633.25,633.65,1044987,662159808.7,30835,416576.0,39.86
LICI,EQ,09-Nov-2022,633.25,635.0,637.7,630.1,631.0,631.3,634.03,626576,397269915.65,22609,292858.0,46.74
LICI,EQ,10-Nov-2022,631.3,635.0,635.0,618.6,621.0,620.85,625.21,788898,493229318.7,31141,397988.0,50.45
LICI,EQ,11-Nov-2022,620.85,626.0,633.65,625.05,627.0,627.7,628.93,979067,615765028.25,34590,465713.0,47.57
LICI,EQ,14-Nov-2022,627.7,663.95,684.9,658.3,664.2,664.65,667.22,8854572,5907966573.05,160351,1960641.0,22.14
LICI,EQ,15-Nov-2022,664.65,665.0,672.3,650.0,653.8,654.7,660.32,2112529,1394954403.9,49089,715144.0,33.85
LICI,EQ,16-Nov-2022,654.7,652.0,655.0,640.0,642.1,642.65,647.62,1364241,883507670.4,34143,570249.0,41.8
LICI,EQ,17-Nov-2022,642.65,639.0,649.25,637.55,643.0,643.85,644.7,1211174,780838399.85,41151,518319.0,42.79
LICI,EQ,18-Nov-2022,643.85,643.0,646.0,636.7,639.0,638.8,640.22,750739,480638075.9,25596,362419.0,48.27
LICI,EQ,21-Nov-2022,638.8,639.9,640.3,625.3,625.8,627.05,630.25,880089,554679840.0,28676,448593.0,50.97
LICI,EQ,22-Nov-2022,627.05,625.0,633.8,624.0,626.0,625.8,628.16,996001,625650431.35,32692,517276.0,51.94
LICI,EQ,23-Nov-2022,625.8,627.0,629.0,620.05,620.7,621.2,623.0,914416,569685382.9,28484,467218.0,51.09
LICI,EQ,24-Nov-2022,621.2,623.0,631.0,623.0,623.55,624.25,625.85,1199253,750553711.35,32112,508991.0,42.44
LICI,EQ,25-Nov-2022,624.25,627.35,630.75,626.7,627.95,627.75,628.12,803958,504980890.0,23129,411933.0,51.24
LICI,EQ,28-Nov-2022,627.75,628.0,633.25,627.75,629.5,629.8,630.76,823562,519471491.55,32563,416495.0,50.57
LICI,EQ,29-Nov-2022,629.8,629.0,643.4,629.0,636.0,636.8,638.33,1571328,1003025138.65,37327,586730.0,37.34
LICI,EQ,30-Nov-2022,636.8,636.0,639.8,633.0,636.6,636.3,636.32,647345,411918812.05,24438,320581.0,49.52
LICI,EQ,01-Dec-2022,636.3,638.0,658.1,638.0,650.0,650.9,650.79,3163335,2058665793.5,70837,1007127.0,31.84
LICI,EQ,02-Dec-2022,650.9,648.0,654.0,648.0,652.5,651.25,651.01,905130,589244780.1,26473,389584.0,43.04
LICI,EQ,05-Dec-2022,651.25,651.1,655.0,649.0,651.15,652.1,651.53,800923,521828909.45,27632,380596.0,47.52
LICI,EQ,06-Dec-2022,652.1,651.0,658.8,649.0,651.0,651.7,652.56,1233657,805038663.05,33434,571238.0,46.3
LICI,EQ,07-Dec-2022,651.7,649.75,657.9,649.75,653.85,654.15,654.3,871091,569955948.55,24608,419147.0,48.12
LICI,EQ,08-Dec-2022,654.15,655.0,670.3,652.9,661.05,662.35,663.25,2234602,1482089330.85,46994,911600.0,40.79
LICI,EQ,09-Dec-2022,662.35,665.0,676.1,664.0,674.5,671.85,671.08,2723169,1827467674.3,55066,1553164.0,57.04
LICI,EQ,12-Dec-2022,671.85,672.0,703.7,670.1,700.8,697.2,689.05,5932237,4087624325.35,101378,2725997.0,45.95
LICI,EQ,13-Dec-2022,697.2,700.0,724.5,700.0,716.55,718.3,715.87,7100398,5082941502.65,119372,2477334.0,34.89
LICI,EQ,14-Dec-2022,718.3,724.0,732.0,711.9,727.5,724.3,723.92,5008176,3625504355.15,81259,1983536.0,39.61
LICI,EQ,15-Dec-2022,724.3,728.1,730.85,706.0,708.0,708.75,718.01,2263539,1625250197.85,56216,925322.0,40.88
LICI,EQ,16-Dec-2022,708.75,701.3,711.6,687.05,689.8,688.55,696.91,2820832,1965857015.05,63455,1182700.0,41.93
LICI,EQ,19-Dec-2022,688.55,689.8,741.75,689.75,738.2,734.6,719.29,6490103,4668267871.95,113745,2806219.0,43.24
LICI,EQ,20-Dec-2022,734.6,738.0,754.25,730.05,738.4,739.95,741.82,8871743,6581260658.35,149762,1879636.0,21.19
LICI,EQ,21-Dec-2022,739.95,742.0,747.7,698.0,699.9,701.65,721.97,4546599,3282500840.25,93258,1753822.0,38.57
LICI,EQ,22-Dec-2022,701.65,705.2,713.65,680.0,682.6,681.6,691.06,4221417,2917245683.55,81630,1520759.0,36.02
LICI,EQ,23-Dec-2022,681.6,679.0,687.05,655.1,660.7,658.75,672.27,3498066,2351631134.65,70982,1234967.0,35.3
LICI,EQ,26-Dec-2022,658.75,661.0,690.9,661.0,690.6,688.0,678.97,2728756,1852742673.7,64973,1008560.0,36.96
LICI,EQ,27-Dec-2022,688.0,693.5,698.7,681.55,691.4,692.6,690.78,1862730,1286740074.9,42916,614141.0,32.97
LICI,EQ,28-Dec-2022,692.6,690.0,693.5,685.0,689.0,687.05,688.02,944339,649727089.15,27362,352335.0,37.31
LICI,EQ,29-Dec-2022,687.05,686.6,686.6,681.35,683.0,683.7,682.95,978328,668147729.55,30971,465821.0,47.61
LICI,EQ,30-Dec-2022,683.7,686.0,692.25,683.3,684.65,684.6,687.23,878093,603454565.35,21973,437788.0,49.86
LICI,EQ,02-Jan-2023,684.6,685.0,714.6,684.7,712.6,709.5,702.53,2988258,2099327824.2,62935,1062311.0,35.55
LICI,EQ,03-Jan-2023,709.5,718.0,737.8,715.75,733.7,734.6,727.06,4845441,3522948033.25,88970,1731415.0,35.73
LICI,EQ,04-Jan-2023,734.6,736.9,746.0,728.0,729.0,731.0,737.75,3772736,2783340862.5,74801,1205606.0,31.96
LICI,EQ,05-Jan-2023,731.0,733.85,738.3,722.6,727.35,727.8,728.85,1602415,1167917444.9,42725,432713.0,27.0
LICI,EQ,06-Jan-2023,727.8,727.8,729.4,705.2,707.65,707.3,714.39,1625158,1161003954.65,42236,729317.0,44.88
LICI,EQ,09-Jan-2023,707.3,716.0,718.0,708.05,711.1,711.6,713.89,1268499,905566745.45,30346,607121.0,47.86
LICI,EQ,10-Jan-2023,711.6,711.7,718.5,708.5,714.0,715.0,712.66,1546064,1101811306.6,33337,828202.0,53.57
LICI,EQ,11-Jan-2023,715.0,714.55,723.5,710.55,715.4,715.1,717.06,1322852,948568733.9,33477,450266.0,34.04
LICI,EQ,12-Jan-2023,715.1,716.1,717.55,703.1,704.95,705.4,707.64,1156008,818038279.35,34802,539368.0,46.66
LICI,EQ,13-Jan-2023,705.4,706.45,716.2,705.25,712.35,712.8,710.44,1241951,882329590.4,29894,593940.0,47.82
LICI,EQ,16-Jan-2023,712.8,714.0,718.6,707.7,709.0,709.2,711.31,746717,531150149.75,27405,384104.0,51.44
LICI,EQ,17-Jan-2023,709.2,708.0,711.5,698.7,704.2,705.7,705.7,981024,692308901.5,36055,408299.0,41.62
LICI,EQ,18-Jan-2023,705.7,707.0,709.1,703.1,704.7,706.6,705.87,601657,424692774.6,28813,301028.0,50.03
LICI,EQ,19-Jan-2023,706.6,705.0,711.0,700.3,701.5,701.6,705.45,651600,459669442.8,24712,303399.0,46.56
LICI,EQ,20-Jan-2023,701.6,702.0,705.3,695.1,698.3,698.55,701.5,528700,370883336.5,19371,260486.0,49.27
LICI,EQ,23-Jan-2023,698.55,700.0,704.85,698.2,700.55,700.9,702.01,530547,372447682.65,18535,249281.0,46.99
LICI,EQ,24-Jan-2023,700.9,702.0,714.5,700.0,701.5,702.1,706.99,1092923,772683738.5,34130,384705.0,35.2
LICI,EQ,25-Jan-2023,702.1,703.0,704.95,686.0,689.75,689.4,692.98,864582,599136757.3,33334,432582.0,50.03
LICI,EQ,27-Jan-2023,689.4,691.0,692.5,660.0,667.0,665.95,672.53,1736675,1167965357.1,62416,775244.0,44.64
LICI,EQ,30-Jan-2023,665.95,649.0,684.0,639.2,655.5,656.5,657.07,3024474,1987295291.4,93355,730091.0,24.14
LICI,EQ,31-Jan-2023,656.5,660.0,662.9,650.8,654.0,653.3,654.98,1811224,1186309300.7,50116,878266.0,48.49
LICI,EQ,01-Feb-2023,653.3,660.0,665.4,582.35,601.0,598.45,619.87,6326960,3921903581.3,171494,3018967.0,47.72
LICI,EQ,02-Feb-2023,598.45,583.15,606.0,583.15,598.5,599.1,596.09,3377223,2013133776.25,95716,1233098.0,36.51
LICI,EQ,03-Feb-2023,599.1,602.1,604.5,586.0,598.1,599.05,595.05,2276729,1354757111.5,58253,803769.0,35.3
LICI,EQ,06-Feb-2023,599.05,602.0,607.4,597.0,600.0,599.9,602.05,1567204,943538887.0,45748,633325.0,40.41
LICI,EQ,07-Feb-2023,599.9,602.0,618.2,601.25,602.9,603.05,609.12,2084510,1269718445.55,52930,766764.0,36.78
LICI,EQ,08-Feb-2023,603.05,605.0,612.6,604.5,612.5,610.25,609.62,1374494,837923819.15,36202,598452.0,43.54
LICI,EQ,09-Feb-2023,610.25,613.35,618.0,609.6,613.5,613.15,614.12,1434333,880853313.7,38509,623973.0,43.5
LICI,EQ,10-Feb-2023,613.15,630.0,640.0,617.05,618.5,620.05,626.67,3943115,2471046610.7,87853,1055826.0,26.78
LICI,EQ,13-Feb-2023,620.05,621.0,623.65,605.35,606.7,606.7,610.42,1315642,803100525.8,36115,477303.0,36.28
LICI,EQ,14-Feb-2023,606.7,605.05,609.7,596.2,597.75,598.05,601.08,1528074,918499162.85,41361,844254.0,55.25
LICI,EQ,15-Feb-2023,598.05,595.1,603.95,595.1,600.95,601.0,600.9,933878,561168282.1,28846,415823.0,44.53
LICI,EQ,16-Feb-2023,601.0,604.05,606.25,602.0,603.5,602.8,604.12,703040,424722567.65,20208,304327.0,43.29
LICI,EQ,17-Feb-2023,602.8,603.0,605.75,600.3,603.3,602.65,603.08,642400,387421273.55,19262,279967.0,43.58
LICI,EQ,20-Feb-2023,602.65,605.0,605.0,596.4,598.0,598.5,598.92,885378,530271504.05,28305,414298.0,46.79
LICI,EQ,21-Feb-2023,598.5,600.0,601.3,595.9,597.0,597.15,597.99,648784,387967591.55,21439,359989.0,55.49
LICI,EQ,22-Feb-2023,597.15,597.0,598.7,593.45,595.95,595.95,595.35,761922,453610171.75,23348,426989.0,56.04
LICI,EQ,23-Feb-2023,595.95,596.0,598.95,590.1,590.95,590.9,591.66,916630,542336557.6,28442,548841.0,59.88
LICI,EQ,24-Feb-2023,590.9,591.0,594.8,584.0,584.7,584.6,586.3,1119544,656385562.0,41795,573902.0,51.26
LICI,EQ,27-Feb-2023,584.6,584.6,585.4,566.0,568.0,567.75,569.62,1912489,1089391751.3,66763,936852.0,48.99
LICI,EQ,28-Feb-2023,567.75,568.0,582.75,567.6,581.0,578.4,574.1,2207400,1267268506.25,45714,913225.0,41.37
LICI,EQ,01-Mar-2023,578.4,581.3,604.55,580.25,602.25,601.7,594.85,1822832,1084311166.65,49630,731103.0,40.11
LICI,EQ,02-Mar-2023,601.7,601.9,607.3,597.0,599.6,601.1,602.18,1383893,833350382.45,31891,526270.0,38.03
LICI,EQ,03-Mar-2023,601.1,609.0,619.0,607.7,614.5,615.45,614.77,2101679,1292044065.85,55091,842933.0,40.11
LICI,EQ,06-Mar-2023,615.45,620.0,625.0,609.9,611.0,611.65,617.89,1404596,867881120.45,35805,508558.0,36.21
LICI,EQ,08-Mar-2023,611.65,610.4,610.4,602.0,603.55,602.95,605.45,900075,544947983.0,25599,454193.0,50.46
LICI,EQ,09-Mar-2023,602.95,605.0,606.35,592.5,598.65,598.55,597.88,1465695,876302933.7,41797,700444.0,47.79
LICI,EQ,10-Mar-2023,598.55,595.0,596.95,590.05,596.5,595.5,593.43,649101,385192761.1,24191,288169.0,44.4
LICI,EQ,13-Mar-2023,595.5,595.5,598.5,580.0,581.8,582.1,587.84,1137818,668859174.3,35869,658050.0,57.83
LICI,EQ,14-Mar-2023,582.1,585.05,587.45,575.0,578.7,578.5,580.32,879186,510206371.65,29364,413363.0,47.02
LICI,EQ,15-Mar-2023,578.5,581.0,586.75,576.0,578.0,577.45,580.5,817032,474283944.85,27971,418412.0,51.21
LICI,EQ,16-Mar-2023,577.45,577.0,578.9,570.75,573.0,572.45,573.64,972000,557577431.05,35415,515560.0,53.04
LICI,EQ,17-Mar-2023,572.45,575.35,582.1,575.0,580.0,579.9,578.43,696661,402966871.95,19792,338255.0,48.55
LICI,EQ,20-Mar-2023,579.9,579.0,579.05,570.2,575.0,574.9,574.92,725166,416910381.1,25329,404823.0,55.82
LICI,EQ,21-Mar-2023,574.9,577.8,578.75,571.55,572.85,572.55,575.19,779267,448229482.65,23806,432656.0,55.52
LICI,EQ,22-Mar-2023,572.55,573.0,577.75,572.0,572.5,572.75,574.13,931326,534699527.95,19351,569817.0,61.18
LICI,EQ,23-Mar-2023,572.75,573.1,575.0,568.0,569.0,568.8,571.76,748086,427725365.1,23425,413460.0,55.27
LICI,EQ,24-Mar-2023,568.8,570.0,573.0,559.0,559.9,560.0,563.85,1305399,736053047.0,43537,814665.0,62.41
LICI,EQ,27-Mar-2023,560.0,560.1,562.65,539.1,541.8,544.1,551.1,1741356,959655439.05,51689,1053312.0,60.49
LICI,EQ,28-Mar-2023,544.1,546.0,549.35,535.0,535.85,536.8,539.5,1821333,982605513.6,43209,1017987.0,55.89
LICI,EQ,29-Mar-2023,536.8,537.5,542.7,530.05,531.95,531.85,535.74,2245923,1203232575.8,55269,1284563.0,57.2
LICI,EQ,31-Mar-2023,531.85,534.55,546.95,531.1,535.0,534.35,539.13,2030925,1094939158.05,47230,915120.0,45.06
LICI,EQ,03-Apr-2023,534.35,540.0,548.55,537.6,544.95,544.55,544.12,1228058,668208023.7,29348,465500.0,37.91
LICI,EQ,05-Apr-2023,544.55,549.4,555.5,546.65,550.85,549.95,551.72,1156963,638320276.5,29886,543969.0,47.02
LICI,EQ,06-Apr-2023,549.95,551.0,556.4,548.15,551.5,550.55,551.97,1088256,600684690.5,26252,481722.0,44.27
LICI,EQ,10-Apr-2023,550.55,554.45,556.0,548.5,549.9,549.3,551.02,818437,450973220.3,24117,490184.0,59.89
LICI,EQ,11-Apr-2023,549.3,550.1,555.25,549.3,550.4,550.5,551.48,659636,363775185.85,19895,337007.0,51.09
LICI,EQ,12-Apr-2023,550.5,552.7,553.9,549.0,549.5,549.3,550.15,682171,375297610.8,17686,426794.0,62.56
LICI,EQ,13-Apr-2023,549.3,549.9,553.45,548.2,551.35,550.95,550.57,562523,309708196.5,16090,293927.0,52.25
LICI,EQ,17-Apr-2023,550.95,550.95,551.35,544.0,545.5,544.6,545.67,947673,517115640.7,30556,571264.0,60.28
LICI,EQ,18-Apr-2023,544.6,546.1,552.3,546.1,547.8,548.45,549.13,612736,336470939.85,15581,262325.0,42.81
LICI,EQ,19-Apr-2023,548.45,549.0,550.0,545.0,547.5,546.5,548.04,482728,264552503.3,18813,276129.0,57.2
LICI,EQ,20-Apr-2023,546.5,547.75,556.2,546.45,552.25,551.9,551.6,731513,403505263.75,24011,353463.0,48.32
LICI,EQ,21-Apr-2023,551.9,550.6,550.6,545.1,547.3,548.0,547.61,655602,359011493.15,15880,311329.0,47.49
LICI,EQ,24-Apr-2023,548.0,548.9,553.8,547.5,549.7,549.4,549.63,446849,245602879.4,14001,205345.0,45.95
LICI,EQ,25-Apr-2023,549.4,551.0,556.0,547.2,548.3,548.3,550.88,987652,544078311.5,22316,570106.0,57.72
LICI,EQ,26-Apr-2023,548.3,548.3,550.35,547.05,548.0,547.75,548.54,498401,273391652.2,14610,278716.0,55.92
LICI,EQ,27-Apr-2023,547.75,548.0,553.05,543.0,544.8,545.7,547.76,1151408,630695895.2,24656,797991.0,69.31
LICI,EQ,28-Apr-2023,545.7,548.5,552.8,546.55,550.25,549.9,549.86,1231240,677013220.6,24571,624239.0,50.7
LICI,EQ,02-May-2023,549.9,552.0,554.6,549.2,551.2,550.05,551.79,1224198,675498132.85,22118,748307.0,61.13
LICI,EQ,03-May-2023,550.05,550.95,552.9,550.0,551.95,551.35,551.2,856689,472208538.85,17710,502850.0,58.7
LICI,EQ,04-May-2023,551.35,552.0,566.6,549.1,551.7,552.45,554.56,4283342,2375376751.6,62518,2045618.0,47.76
LICI,EQ,05-May-2023,552.45,552.5,565.35,551.65,561.9,560.05,560.63,2503952,1403783985.8,43531,953896.0,38.1
LICI,EQ,08-May-2023,560.05,563.0,567.0,562.0,563.0,562.7,563.87,1104965,623054889.15,22747,518266.0,46.9
LICI,EQ,09-May-2023,562.7,564.45,566.45,555.95,557.6,557.35,561.72,1015395,570366376.0,24153,614817.0,60.55
LICI,EQ,10-May-2023,557.35,558.75,560.3,555.1,558.0,557.8,557.86,589178,328681511.55,15571,311882.0,52.94
LICI,EQ,11-May-2023,557.8,559.95,563.7,559.0,561.55,561.0,561.21,680822,382082695.75,18518,383366.0,56.31
LICI,EQ,12-May-2023,561.0,561.0,564.45,557.5,562.4,562.1,561.12,892781,500958382.0,19360,502959.0,56.34
LICI,EQ,15-May-2023,562.1,564.0,573.0,561.2,567.5,567.65,569.22,2164688,1232185946.15,37075,1246395.0,57.58
LICI,EQ,16-May-2023,567.65,569.0,574.55,566.4,568.05,567.5,570.08,902155,514301989.55,20925,444533.0,49.27
LICI,EQ,17-May-2023,567.5,568.0,570.95,565.9,570.0,570.0,568.61,862004,490146966.95,18209,545070.0,63.23
LICI,EQ,18-May-2023,570.0,572.0,576.85,567.0,567.95,568.15,571.63,964354,551256741.3,21231,539114.0,55.9
LICI,EQ,19-May-2023,568.15,570.0,570.05,562.1,565.35,565.0,564.94,515091,290994743.4,17677,259694.0,50.42
LICI,EQ,22-May-2023,565.0,569.0,579.3,566.7,579.0,577.5,573.9,1506327,864478830.75,31629,721796.0,47.92
LICI,EQ,23-May-2023,577.5,581.0,594.5,580.9,591.45,590.15,588.25,2726826,1604060550.05,51655,1124937.0,41.25
LICI,EQ,24-May-2023,590.15,594.15,604.2,592.05,593.95,593.9,597.55,2488874,1487230085.5,48753,1006561.0,40.44
LICI,EQ,25-May-2023,593.9,607.0,615.5,601.0,603.55,603.6,606.83,5187933,3148206543.95,76356,1346101.0,25.95
LICI,EQ,26-May-2023,603.6,608.6,610.2,603.1,604.0,604.3,606.5,1195590,725128635.45,28048,602111.0,50.36
LICI,EQ,29-May-2023,604.3,610.0,610.1,603.3,604.9,605.2,605.84,1131333,685402865.5,26405,533074.0,47.12
LICI,EQ,30-May-2023,605.2,605.5,606.45,599.5,599.8,600.9,602.81,720683,434433627.2,20851,422603.0,58.64
LICI,EQ,31-May-2023,600.9,599.45,599.45,593.0,595.5,595.15,595.42,720695,429113868.15,21592,386643.0,53.65
LICI,EQ,01-Jun-2023,595.15,595.0,600.5,593.95,596.85,597.15,597.7,694568,415143844.15,19999,310695.0,44.73
LICI,EQ,02-Jun-2023,597.15,599.1,601.4,596.1,597.5,596.85,598.48,507824,303924199.2,16107,271528.0,53.47
LICI,EQ,05-Jun-2023,596.85,598.5,602.0,595.95,597.0,596.6,598.91,641136,383981162.75,21935,332652.0,51.88
LICI,EQ,06-Jun-2023,596.6,598.05,599.75,596.0,598.75,597.75,597.58,480880,287363121.3,16183,281049.0,58.44
LICI,EQ,07-Jun-2023,597.75,599.0,605.0,597.5,600.85,601.35,601.48,809884,487128026.4,20123,373210.0,46.08
LICI,EQ,08-Jun-2023,601.35,602.35,610.4,602.3,604.2,603.4,606.24,1424334,863482145.65,28458,558366.0,39.2
LICI,EQ,09-Jun-2023,603.4,605.0,607.0,600.35,602.2,601.95,604.47,660925,399506919.9,16911,366600.0,55.47
LICI,EQ,12-Jun-2023,601.95,598.8,601.5,595.05,597.7,597.05,597.6,803879,480399949.7,24112,361233.0,44.94
LICI,EQ,13-Jun-2023,597.05,597.7,600.75,597.7,598.65,598.9,599.58,400863,240350918.6,14344,230816.0,57.58
LICI,EQ,14-Jun-2023,598.9,599.9,601.9,595.25,595.9,596.0,597.32,644399,384910266.55,19491,365941.0,56.79
LICI,EQ,15-Jun-2023,596.0,596.0,604.95,595.05,596.1,596.4,599.39,847451,507955329.2,21385,282475.0,33.33
LICI,EQ,16-Jun-2023,596.4,596.4,606.7,596.4,603.5,604.45,603.19,1405526,847800874.3,32383,665082.0,47.32
LICI,EQ,19-Jun-2023,604.45,605.0,620.95,603.55,617.1,618.3,612.65,2500627,1532000840.15,47539,1091580.0,43.65
LICI,EQ,20-Jun-2023,618.3,620.0,632.5,619.05,630.05,630.35,628.47,3041047,1911194139.15,51764,1239911.0,40.77
LICI,EQ,21-Jun-2023,630.35,636.6,639.75,633.05,636.1,636.05,636.01,1580109,1004970140.0,27059,791386.0,50.08
LICI,EQ,22-Jun-2023,636.05,637.9,654.0,636.65,640.95,641.75,645.8,3120722,2015368491.9,52149,1293939.0,41.46
LICI,EQ,23-Jun-2023,641.75,643.0,646.9,622.75,623.8,624.95,630.25,1538801,969833299.85,35495,549692.0,35.72
LICI,EQ,26-Jun-2023,624.95,624.95,625.8,613.7,613.7,615.9,619.95,946727,586925995.0,23768,496550.0,52.45
LICI,EQ,27-Jun-2023,615.9,616.3,620.5,611.75,616.45,616.8,615.73,975533,600664534.7,28331,436029.0,44.7
LICI,EQ,28-Jun-2023,616.8,618.0,622.75,615.0,620.55,620.0,619.23,1156188,715950420.55,30428,630547.0,54.54
LICI,EQ,30-Jun-2023,620.0,622.1,633.5,620.2,633.25,632.25,628.02,1371193,861137109.8,31399,753570.0,54.96
LICI,EQ,03-Jul-2023,632.25,635.0,637.85,628.0,628.85,629.05,632.1,888170,561409363.8,22936,455624.0,51.3
LICI,EQ,04-Jul-2023,629.05,630.75,632.75,624.3,626.0,625.9,627.01,625593,392250236.2,18194,325170.0,51.98
LICI,EQ,05-Jul-2023,625.9,626.0,629.5,625.0,625.95,626.75,626.65,569014,356569941.55,15949,283437.0,49.81
LICI,EQ,06-Jul-2023,626.75,625.1,631.35,624.0,627.5,627.9,628.33,624168,392180610.3,18820,334127.0,53.53
LICI,EQ,07-Jul-2023,627.9,626.5,630.7,621.25,622.25,622.6,625.26,711064,444600693.65,21045,375105.0,52.75
LICI,EQ,10-Jul-2023,622.6,623.0,623.7,617.0,618.55,618.55,619.52,791576,490399725.95,20588,468603.0,59.2
LICI,EQ,11-Jul-2023,618.55,623.0,629.9,620.6,621.9,621.8,624.0,608461,379681031.1,18271,272050.0,44.71
LICI,EQ,12-Jul-2023,621.8,623.1,624.0,618.0,620.1,620.45,620.37,523272,324619947.15,17861,289996.0,55.42
LICI,EQ,13-Jul-2023,620.45,621.0,624.4,614.25,616.0,615.7,620.15,802085,497411575.35,24319,374478.0,46.69
LICI,EQ,14-Jul-2023,615.7,616.85,620.0,615.8,620.0,618.7,618.05,534996,330652703.95,20058,287226.0,53.69
LICI,EQ,17-Jul-2023,618.7,617.5,625.0,617.5,621.0,620.9,621.6,711158,442053903.0,20458,324357.0,45.61
LICI,EQ,18-Jul-2023,620.9,624.0,625.95,618.0,622.1,620.7,621.61,701393,435991743.1,18123,355789.0,50.73
LICI,EQ,19-Jul-2023,620.7,621.9,623.4,619.5,620.2,620.35,620.57,501945,311492472.9,13402,283743.0,56.53
LICI,EQ,20-Jul-2023,620.35,621.5,629.45,619.05,628.5,628.25,626.19,1166529,730474460.5,23556,698092.0,59.84
LICI,EQ,21-Jul-2023,628.25,626.75,642.9,623.5,636.3,635.75,635.9,2019022,1283900584.85,41786,1000841.0,49.57
LICI,EQ,24-Jul-2023,635.75,635.75,640.0,625.0,625.6,626.65,632.88,927514,587006286.25,24667,424243.0,45.74
LICI,EQ,25-Jul-2023,626.65,626.75,630.8,621.05,622.75,623.05,624.92,671845,419852309.8,18854,315444.0,46.95
LICI,EQ,26-Jul-2023,623.05,624.6,630.6,623.8,628.25,627.95,627.57,651954,409145229.9,19480,331313.0,50.82
LICI,EQ,27-Jul-2023,627.95,627.9,635.3,627.9,630.85,630.25,630.69,705149,444733350.15,21100,377148.0,53.48
LICI,EQ,28-Jul-2023,630.25,630.0,633.45,624.5,627.4,626.75,627.73,646004,405517235.65,16780,331253.0,51.28
LICI,EQ,31-Jul-2023,626.75,627.0,641.4,627.0,639.45,639.95,636.32,1469797,935257175.15,30204,871416.0,59.29
LICI,EQ,01-Aug-2023,639.95,644.0,650.7,640.0,646.7,647.25,646.6,1987633,1285211208.9,42590,959166.0,48.26
LICI,EQ,02-Aug-2023,647.25,648.0,659.75,634.0,641.3,641.25,647.44,2568000,1662628198.25,52066,1012218.0,39.42
LICI,EQ,03-Aug-2023,641.25,641.3,648.95,641.0,644.9,644.55,644.52,1008085,649734938.85,28518,508510.0,50.44
LICI,EQ,04-Aug-2023,644.55,646.15,665.0,646.15,658.7,658.5,658.17,2593055,1706679127.1,49453,1119397.0,43.17
LICI,EQ,07-Aug-2023,658.5,659.1,664.9,653.05,655.15,655.55,658.55,1110788,731508089.6,27236,494207.0,44.49
LICI,EQ,08-Aug-2023,655.55,655.95,659.15,640.55,643.0,643.65,646.75,1157301,748484321.45,41104,665569.0,57.51
LICI,EQ,09-Aug-2023,643.65,645.3,647.0,641.0,643.8,643.95,644.58,672748,433637120.9,21673,340891.0,50.67
LICI,EQ,10-Aug-2023,643.95,645.5,649.0,639.7,641.6,641.7,644.42,634420,408833985.65,19431,323251.0,50.95
LICI,EQ,11-Aug-2023,641.7,666.0,679.0,655.1,660.0,659.85,664.14,5254644,3489845153.05,83162,1465916.0,27.9
LICI,EQ,14-Aug-2023,659.85,660.0,661.35,648.05,654.75,655.8,654.33,1215416,795283626.2,28172,474463.0,39.04
LICI,EQ,16-Aug-2023,655.8,654.5,654.5,648.35,648.95,649.25,650.89,701542,456628043.65,20711,384733.0,54.84
LICI,EQ,17-Aug-2023,649.25,650.45,662.0,650.0,659.05,659.65,658.16,1191732,784350829.4,32461,604237.0,50.7
LICI,EQ,18-Aug-2023,659.65,659.4,661.0,650.0,650.55,650.8,653.99,752476,492110034.3,23645,398049.0,52.9
LICI,EQ,21-Aug-2023,650.8,651.1,655.85,650.5,653.2,652.15,652.57,566994,370001928.05,15385,305305.0,53.85
LICI,EQ,22-Aug-2023,652.15,653.8,667.05,652.15,663.25,663.9,662.28,1786271,1183015606.75,34360,788148.0,44.12
LICI,EQ,23-Aug-2023,663.9,665.7,667.9,658.0,658.8,658.65,661.76,813337,538231735.1,21486,372045.0,45.74
LICI,EQ,24-Aug-2023,658.65,660.65,666.15,654.0,655.3,655.5,660.44,606670,400671194.15,17463,298586.0,49.22
LICI,EQ,25-Aug-2023,655.5,654.0,657.8,645.0,648.35,648.35,650.2,698906,454431198.65,21384,363822.0,52.06
LICI,EQ,28-Aug-2023,648.35,649.75,657.45,649.15,655.0,655.2,653.77,731456,478202725.8,17477,412337.0,56.37
LICI,EQ,29-Aug-2023,655.2,655.2,660.5,650.5,652.0,651.9,655.3,489634,320856889.75,14351,248676.0,50.79
LICI,EQ,30-Aug-2023,651.9,654.0,655.85,650.25,651.0,651.05,653.69,574588,375601289.0,20302,339009.0,59.0
LICI,EQ,31-Aug-2023,651.05,651.35,655.45,643.05,646.85,645.3,650.51,710410,462131573.05,21046,402807.0,56.7
LICI,EQ,01-Sep-2023,645.3,645.3,649.4,645.05,645.6,645.75,646.8,793487,513225110.1,20398,444456.0,56.01
LICI,EQ,04-Sep-2023,645.75,647.0,664.0,647.0,657.55,658.6,659.17,2492988,1643314270.8,41468,1117768.0,44.84
LICI,EQ,05-Sep-2023,658.6,660.0,669.05,659.1,660.3,660.0,664.22,1878186,1247527659.5,34287,918143.0,48.88
LICI,EQ,06-Sep-2023,660.0,661.85,691.0,661.15,677.5,678.0,680.88,5680338,3867607880.45,86829,2146122.0,37.78
LICI,EQ,07-Sep-2023,678.0,680.2,686.8,674.6,676.2,676.1,679.99,1684464,1145410972.4,32656,731634.0,43.43
LICI,EQ,08-Sep-2023,676.1,684.0,684.8,673.2,674.5,674.15,677.27,1578942,1069372952.95,34379,801191.0,50.74
LICI,EQ,11-Sep-2023,674.15,677.65,684.9,675.95,679.55,679.05,680.21,1592447,1083195286.85,31398,666944.0,41.88
LICI,EQ,12-Sep-2023,679.05,683.4,683.4,658.45,659.0,659.65,665.48,1594449,1061071715.35,37444,877441.0,55.03
LICI,EQ,13-Sep-2023,659.65,660.05,666.95,654.55,659.0,659.3,659.36,890096,586890489.8,20876,434172.0,48.78
LICI,EQ,14-Sep-2023,659.3,662.95,666.0,659.4,661.0,660.8,662.04,847932,561368212.25,21374,404321.0,47.68
LICI,EQ,15-Sep-2023,660.8,662.55,671.3,658.6,668.4,667.5,664.91,1743786,1159461384.75,32664,776735.0,44.54
LICI,EQ,18-Sep-2023,667.5,667.5,671.8,661.7,663.0,663.7,667.18,732801,488912610.35,21988,356834.0,48.69
LICI,EQ,20-Sep-2023,663.7,660.0,665.85,653.1,655.5,655.65,658.55,1074642,707710690.9,30053,559584.0,52.07
LICI,EQ,21-Sep-2023,655.65,655.45,659.55,654.0,654.45,654.55,656.66,652802,428669876.25,19884,373107.0,57.15
LICI,EQ,22-Sep-2023,654.55,655.95,659.8,649.0,652.5,651.3,653.96,695541,454854464.75,17493,320147.0,46.03
LICI,EQ,25-Sep-2023,651.3,650.0,653.0,645.5,647.0,646.65,648.76,651991,422983759.45,20739,314010.0,48.16
LICI,EQ,26-Sep-2023,646.65,647.85,649.85,644.0,645.0,644.95,646.64,414742,268188276.95,14280,233879.0,56.39
LICI,EQ,27-Sep-2023,644.95,645.0,649.85,644.0,645.2,644.95,645.7,531459,343162046.55,13163,289585.0,54.49
LICI,EQ,28-Sep-2023,644.95,646.0,652.0,643.05,649.6,650.3,648.34,923774,598917773.2,24693,480008.0,51.96
LICI,EQ,29-Sep-2023,650.3,650.3,652.85,646.85,650.5,649.75,649.15,873339,566924152.85,22919,593527.0,67.96
LICI,EQ,03-Oct-2023,649.75,648.1,649.55,644.5,645.0,645.35,645.68,470219,303609705.95,16988,284105.0,60.42
LICI,EQ,04-Oct-2023,645.35,643.0,644.0,634.05,637.7,637.45,639.05,694550,443850186.95,21194,376368.0,54.19
LICI,EQ,05-Oct-2023,637.45,639.1,642.0,636.5,637.25,637.75,639.29,396155,253257343.3,15706,220566.0,55.68
LICI,EQ,06-Oct-2023,637.75,638.05,646.0,638.05,643.35,644.35,644.09,626615,403594403.25,19769,313216.0,49.99
LICI,EQ,09-Oct-2023,644.35,639.2,639.25,630.1,635.0,635.3,634.77,718556,456117163.95,20792,354123.0,49.28
LICI,EQ,10-Oct-2023,635.3,635.35,640.95,634.7,634.95,635.5,637.53,481417,306920115.35,14088,262893.0,54.61
LICI,EQ,11-Oct-2023,635.5,638.1,642.0,636.6,637.0,637.35,639.4,653919,418113077.45,15827,352439.0,53.9
LICI,EQ,12-Oct-2023,637.35,638.0,644.2,636.2,637.0,637.3,638.6,1325826,846675849.2,20535,898293.0,67.75
LICI,EQ,13-Oct-2023,637.3,636.0,639.0,634.0,634.4,634.65,636.1,615655,391616608.45,20793,334258.0,54.29
LICI,EQ,16-Oct-2023,634.65,634.65,640.7,634.65,639.15,637.15,638.33,1139234,727205803.55,27229,733650.0,64.4
LICI,EQ,17-Oct-2023,637.15,639.35,651.85,639.25,648.0,649.2,647.62,1103994,714970567.45,25975,579413.0,52.48
LICI,EQ,18-Oct-2023,649.2,649.2,651.0,634.5,635.45,636.6,640.81,875559,561068624.7,25111,549798.0,62.79
LICI,EQ,19-Oct-2023,636.6,634.5,641.0,632.6,635.25,634.7,635.73,657460,417969104.05,17628,276422.0,42.04
LICI,EQ,20-Oct-2023,634.7,634.45,637.8,633.8,635.5,634.95,635.22,654219,415573745.35,15884,399969.0,61.14
LICI,EQ,23-Oct-2023,634.95,634.95,636.7,615.15,616.55,617.45,622.24,1105408,687830885.3,34557,637178.0,57.64
LICI,EQ,25-Oct-2023,617.45,620.0,623.6,608.55,613.5,611.05,615.66,1094888,674078138.35,34960,635883.0,58.08
LICI,EQ,26-Oct-2023,611.05,609.85,612.5,597.35,605.75,605.0,604.13,1084441,655147698.8,33720,618099.0,57.0
LICI,EQ,27-Oct-2023,605.0,608.0,612.75,606.1,606.3,606.65,608.87,617526,375992028.05,20310,384503.0,62.27
LICI,EQ,30-Oct-2023,606.65,606.6,609.15,602.65,604.5,604.2,605.23,465617,281806377.4,18661,262674.0,56.41
LICI,EQ,31-Oct-2023,604.2,606.5,609.55,600.2,602.65,602.25,603.9,536471,323973449.55,22028,305066.0,56.87
LICI,EQ,01-Nov-2023,602.25,603.85,607.85,599.0,599.95,600.0,602.74,549716,331335789.3,19861,318593.0,57.96
LICI,EQ,02-Nov-2023,600.0,603.8,609.05,602.3,605.8,606.25,605.57,741948,449301429.85,26154,412800.0,55.64
LICI,EQ,03-Nov-2023,606.25,608.0,610.3,607.0,607.3,608.05,608.66,418848,254934073.75,13755,231898.0,55.37
LICI,EQ,06-Nov-2023,608.05,609.9,613.9,609.5,611.2,611.4,611.89,580132,354975941.8,21485,351231.0,60.54
LICI,EQ,07-Nov-2023,611.4,612.0,613.9,610.15,610.4,610.8,611.58,453744,277501776.9,14428,246541.0,54.33
LICI,EQ,08-Nov-2023,610.8,612.0,615.55,611.0,613.4,613.35,613.45,744275,456579117.5,15449,496017.0,66.64
LICI,EQ,09-Nov-2023,613.35,614.0,617.2,613.4,614.25,614.8,615.52,393625,242283701.45,11441,197617.0,50.2
LICI,EQ,10-Nov-2023,614.8,614.25,619.6,608.1,609.8,610.25,613.78,671906,412402370.9,21482,348595.0,51.88
LICI,EQ,12-Nov-2023,610.25,609.5,610.0,607.0,608.0,607.85,608.36,455277,276973432.85,17056,311680.0,68.46
LICI,EQ,13-Nov-2023,607.85,605.0,606.5,598.25,606.0,605.55,603.23,1079051,650920093.3,27407,496901.0,46.05
LICI,EQ,15-Nov-2023,605.55,607.2,611.0,606.1,607.5,606.8,607.32,840602,510515941.45,21014,547851.0,65.17
LICI,EQ,16-Nov-2023,606.8,607.85,612.9,604.25,608.6,609.3,608.87,1367472,832617512.15,29154,800482.0,58.54
LICI,EQ,17-Nov-2023,609.3,609.3,618.8,608.75,613.7,614.65,614.18,1177051,722923581.5,33826,547401.0,46.51
LICI,EQ,20-Nov-2023,614.65,614.65,615.8,609.95,612.1,612.0,612.4,502409,307673907.3,16457,304588.0,60.63
LICI,EQ,21-Nov-2023,612.0,613.0,615.7,610.0,610.6,610.9,612.51,718571,440134451.45,21096,449495.0,62.55
LICI,EQ,22-Nov-2023,610.9,611.0,613.15,607.7,607.8,608.75,610.08,600947,366626749.3,20450,377095.0,62.75
LICI,EQ,23-Nov-2023,608.75,609.25,628.0,608.0,624.0,617.7,614.19,736051,452075915.25,16725,464660.0,63.13
LICI,EQ,24-Nov-2023,617.7,620.95,682.0,620.55,677.7,677.65,666.1,18997036,12654015449.8,271088,4617246.0,24.31
LICI,EQ,28-Nov-2023,677.65,681.0,694.5,671.1,672.15,674.3,683.21,8034353,5489112469.3,136339,1920116.0,23.9
LICI,EQ,29-Nov-2023,674.3,677.0,692.0,672.05,678.0,680.9,681.7,3497491,2384255017.05,65699,1145819.0,32.76
LICI,EQ,30-Nov-2023,680.9,682.0,699.0,677.0,678.5,679.5,687.4,4305902,2959891250.55,76395,1265677.0,29.39
LICI,EQ,01-Dec-2023,679.5,685.0,687.4,667.15,669.5,670.9,678.58,1616633,1097017860.2,35774,735837.0,45.52
LICI,EQ,04-Dec-2023,670.9,680.0,727.7,680.0,717.05,719.0,707.08,13408726,9481077146.75,197291,5083091.0,37.91
LICI,EQ,05-Dec-2023,719.0,720.0,726.9,702.6,713.05,714.05,715.12,5078973,3632059169.55,103711,2050416.0,40.37
LICI,EQ,06-Dec-2023,714.05,719.95,750.8,714.0,746.0,746.0,741.12,9601936,7116169995.35,152267,3751626.0,39.07
LICI,EQ,07-Dec-2023,746.0,747.9,800.0,736.9,785.15,785.45,780.03,15595341,12164853357.05,236261,4114018.0,26.38
LICI,EQ,08-Dec-2023,785.45,790.0,803.4,770.0,772.8,772.45,787.5,6927164,5455164853.3,145152,2228432.0,32.17
LICI,EQ,11-Dec-2023,772.45,775.0,783.65,768.0,769.65,770.95,776.23,2160731,1677221320.1,45039,803627.0,37.19
LICI,EQ,12-Dec-2023,770.95,770.0,799.0,770.0,795.25,791.75,788.64,5822501,4591885088.1,102004,1959422.0,33.65
LICI,EQ,13-Dec-2023,791.75,795.5,810.75,795.5,804.15,805.05,803.66,5973611,4800723049.75,94786,2289826.0,38.33
LICI,EQ,14-Dec-2023,805.05,811.0,820.0,807.2,812.65,815.25,814.68,4007659,3264958327.85,79873,1703176.0,42.5
LICI,EQ,15-Dec-2023,815.25,816.0,818.9,792.0,794.5,796.15,801.39,2964146,2375432897.65,64479,1237496.0,41.75
LICI,EQ,18-Dec-2023,796.15,798.0,810.9,793.45,800.5,801.65,802.71,2171792,1743311502.7,48491,731533.0,33.68
LICI,EQ,19-Dec-2023,801.65,803.25,806.7,792.0,794.7,794.05,797.17,1396214,1113016194.4,33461,628981.0,45.05
LICI,EQ,20-Dec-2023,794.05,798.0,809.5,755.1,763.0,761.25,782.82,2897254,2268042705.75,74766,1313877.0,45.35
LICI,EQ,21-Dec-2023,761.25,752.85,768.85,746.3,766.8,764.5,759.84,2869747,2180554788.3,69406,1212381.0,42.25
LICI,EQ,22-Dec-2023,764.5,807.0,821.0,788.85,792.2,792.8,804.45,10836454,8717390628.4,167722,2759264.0,25.46
LICI,EQ,26-Dec-2023,792.8,795.0,798.6,780.0,782.05,781.3,786.6,1907597,1500521478.8,43274,756563.0,39.66
LICI,EQ,27-Dec-2023,781.3,785.0,825.95,784.05,819.8,821.4,810.01,10656808,8632089450.9,168225,4257609.0,39.95
LICI,EQ,28-Dec-2023,821.4,822.0,836.75,806.6,831.0,826.9,824.42,7403621,6103688351.2,136075,2434964.0,32.89
LICI,EQ,29-Dec-2023,826.9,827.55,843.9,822.6,828.55,832.5,832.88,4195993,3494741538.9,76562,1422462.0,33.9
LICI,EQ,01-Jan-2024,832.50,831.50,864.00,831.00,857.00,858.75,852.36,6424762,5476194472.1,118300,2335253.0,36.35
LICI,EQ,02-Jan-2024,858.75,853.80,856.90,836.00,838.00,837.70,844.60,3672560,3101836402.45,83790,1495871.0,40.73
LICI,EQ,03-Jan-2024,837.70,837.70,853.30,836.10,838.20,838.75,843.46,3684845,3108019015.65,78469,1220817.0,33.13
LICI,EQ,04-Jan-2024,838.75,837.00,845.90,833.00,835.10,835.25,839.27,2024609,1699202438.5,52745,907833.0,44.84
LICI,EQ,05-Jan-2024,835.25,836.60,860.95,836.60,845.00,844.40,849.66,4193233,3562804690.5,72302,1559549.0,37.19
LICI,EQ,08-Jan-2024,844.40,845.00,848.90,819.30,824.00,823.85,832.18,2265484,1885293770.85,52550,1141543.0,50.39
LICI,EQ,09-Jan-2024,823.85,829.10,837.85,828.50,835.00,832.45,832.27,1408365,1172133874.75,27417,652488.0,46.33
LICI,EQ,10-Jan-2024,832.45,835.00,850.95,835.00,837.50,838.60,842.23,2639631,2223174574.9,54820,1004598.0,38.06
LICI,EQ,11-Jan-2024,838.60,841.00,850.00,831.00,833.55,834.00,838.95,1576154,1322310462.95,35846,646017.0,40.99
LICI,EQ,12-Jan-2024,834.00,830.00,838.00,827.00,828.00,829.30,830.79,1800261,1495647067.15,36170,688433.0,38.24
LICI,EQ,15-Jan-2024,829.30,847.00,862.40,841.95,854.90,854.80,853.45,4450802,3798518182.6,90352,2140724.0,48.10
LICI,EQ,16-Jan-2024,854.80,856.00,900.00,850.00,893.50,892.55,887.24,12525303,11112972339.15,214638,4160314.0,33.22
LICI,EQ,17-Jan-2024,892.55,882.00,918.45,874.00,888.00,887.50,900.50,9015612,8118519148.9,180779,2885408.0,32.00
LICI,EQ,18-Jan-2024,887.50,890.00,907.00,867.05,900.00,901.20,889.82,4546830,4045868186.45,98438,1217263.0,26.77
LICI,EQ,19-Jan-2024,901.20,909.00,915.00,898.00,901.85,901.90,906.07,3328849,3016164061.7,86332,1324640.0,39.79
LICI,EQ,20-Jan-2024,901.90,908.00,948.45,906.20,942.50,936.85,929.74,7489946,6963695300.0,159875,2529391.0,33.77
LICI,EQ,23-Jan-2024,936.85,943.95,950.05,869.20,874.00,875.25,905.73,5296256,4796987845.85,128620,2396379.0,45.25
LICI,EQ,24-Jan-2024,875.25,878.20,924.00,866.00,916.40,907.20,891.88,3503761,3124933284.75,86441,1190432.0,33.98
LICI,BL,25-Jan-2024,949.00,907.20,907.20,907.20,907.20,907.20,907.20,127814,115952860.8,1,,-
LICI,EQ,25-Jan-2024,907.20,915.00,923.90,899.10,906.50,903.50,908.93,2629355,2389891397.7,71454,955849.0,36.35
LICI,EQ,29-Jan-2024,903.50,910.00,931.90,903.60,915.00,915.60,919.05,3792964,3485906735.55,89857,1346970.0,35.51
LICI,EQ,30-Jan-2024,915.60,922.50,955.00,917.55,933.00,932.90,943.69,9707445,9160848594.5,174113,3840756.0,39.57
LICI,EQ,31-Jan-2024,932.90,938.15,971.90,936.75,949.65,949.75,957.35,7726332,7396767704.45,153300,3490621.0,45.18
LICI,EQ,01-Feb-2024,949.75,956.90,964.00,926.00,936.95,937.00,944.84,3463799,3272747857.85,79372,1337854.0,38.62
LICI,EQ,02-Feb-2024,937.00,942.85,955.15,937.00,948.00,945.45,948.34,4534536,4300279271.2,98848,2497171.0,55.07
LICI,EQ,05-Feb-2024,945.45,956.50,"1,028.00",955.00,995.75,998.85,996.99,17219410,17167628616.7,332660,6319200.0,36.70
LICI,EQ,06-Feb-2024,998.85,"1,014.05","1,033.00",990.25,"1,022.65","1,025.85","1,012.97",7368232,7463810643.9,158065,2684346.0,36.43
LICI,EQ,07-Feb-2024,"1,025.85","1,031.05","1,050.00","1,014.10","1,049.90","1,044.45","1,035.36",7354236,7614272911.6,156696,2710431.0,36.86
LICI,EQ,08-Feb-2024,"1,044.45","1,073.90","1,145.00","1,071.00","1,112.00","1,105.25","1,109.23",22872046,25370359197.15,473663,5717355.0,25.00
LICI,EQ,09-Feb-2024,"1,105.25","1,152.00","1,175.00","1,067.00","1,084.00","1,080.85","1,113.74",21551992,24003279940.3,467265,5579715.0,25.89
LICI,EQ,12-Feb-2024,"1,080.85","1,112.05","1,125.00","1,010.10","1,024.00","1,022.45","1,072.28",11741691,12590329216.1,293276,3249108.0,27.67
LICI,EQ,13-Feb-2024,"1,022.45","1,029.75","1,043.30",979.95,"1,014.00","1,011.45","1,005.31",8474155,8519160279.95,211094,2291084.0,27.04
LICI,EQ,14-Feb-2024,"1,011.45","1,000.00","1,078.50",990.00,"1,077.00","1,070.50","1,043.33",9358003,9763463529.45,196006,2416644.0,25.82
LICI,EQ,15-Feb-2024,"1,070.50","1,082.00","1,086.90","1,049.05","1,061.00","1,056.10","1,070.54",5013229,5366874130.65,145998,1522793.0,30.38
LICI,EQ,16-Feb-2024,"1,056.10","1,062.00","1,067.55","1,030.10","1,039.90","1,039.85","1,041.55",5404201,5628721403.35,135998,2522994.0,46.69
LICI,EQ,19-Feb-2024,"1,039.85","1,080.00","1,092.00","1,050.00","1,054.00","1,052.20","1,063.24",6832181,7264249706.8,160890,2187553.0,32.02
LICI,EQ,20-Feb-2024,"1,052.20","1,055.00","1,056.40","1,036.05","1,040.00","1,042.15","1,043.45",3173173,3311049872.7,86882,1377993.0,43.43
LICI,EQ,21-Feb-2024,"1,042.15","1,044.00","1,054.75","1,027.70","1,041.00","1,039.55","1,042.61",3929842,4097298150.45,99715,1355779.0,34.50
LICI,EQ,22-Feb-2024,"1,039.55","1,041.45","1,070.00","1,032.05","1,060.75","1,064.40","1,053.73",5132257,5408012733.45,101998,1520678.0,29.63
LICI,EQ,23-Feb-2024,"1,064.40","1,062.05","1,082.00","1,048.05","1,066.55","1,066.50","1,067.26",4331573,4622905856.5,105538,1301348.0,30.04
LICI,EQ,26-Feb-2024,"1,066.50","1,066.50","1,075.70","1,036.40","1,041.50","1,041.15","1,052.88",2958776,3115223282.85,70534,1351424.0,45.68
LICI,EQ,27-Feb-2024,"1,041.15","1,044.00","1,068.00","1,037.10","1,042.00","1,040.20","1,051.62",3772686,3967446263.15,88481,1331938.0,35.30
LICI,EQ,28-Feb-2024,"1,040.20","1,046.20","1,052.90","1,003.80","1,007.45","1,006.95","1,022.34",3573062,3652892079.55,95081,1308809.0,36.63
LICI,EQ,29-Feb-2024,"1,006.95","1,012.00","1,027.00",997.10,"1,025.50","1,022.80","1,014.10",3013025,3055493921.55,85623,826970.0,27.45
LICI,EQ,01-Mar-2024,"1,022.80","1,027.20","1,040.95","1,025.10","1,029.90","1,029.70","1,032.04",2087742,2154643310.4,54092,824517.0,39.49
LICI,EQ,02-Mar-2024,"1,029.70","1,031.90","1,039.95","1,028.65","1,034.60","1,036.25","1,034.62",326924,338240850.1,8345,189877.0,58.08
LICI,EQ,04-Mar-2024,"1,036.25","1,037.00","1,049.00","1,021.20","1,034.00","1,036.90","1,035.13",2450117,2536199799.75,70655,772381.0,31.52
LICI,EQ,05-Mar-2024,"1,036.90","1,037.40","1,045.85","1,023.90","1,028.40","1,027.25","1,035.77",2024712,2097145808.2,50002,867887.0,42.86
LICI,EQ,06-Mar-2024,"1,027.25","1,030.00","1,034.95",998.25,"1,011.50","1,010.30","1,011.01",2542290,2570287491.35,85006,1012365.0,39.82
LICI,EQ,07-Mar-2024,"1,010.30","1,012.00","1,034.00","1,007.00","1,025.50","1,024.80","1,018.39",1822489,1856002146.0,53388,759258.0,41.66
LICI,EQ,11-Mar-2024,"1,024.80","1,035.00","1,045.00","1,006.05","1,012.00","1,011.90","1,027.90",2777683,2855186919.45,78154,970774.0,34.95
LICI,EQ,12-Mar-2024,"1,011.90","1,016.90","1,018.90",980.55,989.00,986.25,994.66,2878325,2862945952.0,78195,1031399.0,35.83
LICI,EQ,13-Mar-2024,986.25,990.45,994.95,900.00,909.75,909.75,936.66,6431249,6023890401.1,206674,2534053.0,39.40
LICI,EQ,14-Mar-2024,909.75,910.00,962.35,901.05,961.00,958.50,936.58,4958488,4644043190.2,123033,1576007.0,31.78
LICI,EQ,15-Mar-2024,958.50,957.00,969.70,918.95,926.00,925.15,936.25,3560100,3333150441.55,111040,1263180.0,35.48
LICI,EQ,18-Mar-2024,925.15,916.50,934.00,902.00,904.40,904.40,912.83,3765432,3437185045.45,101894,1391384.0,36.95
LICI,EQ,19-Mar-2024,904.40,905.00,918.75,875.65,879.85,879.55,893.92,4240551,3790710751.25,114633,1681577.0,39.65
LICI,EQ,20-Mar-2024,879.55,885.90,894.80,865.00,868.95,866.90,874.24,4003650,3500164869.4,98100,1518055.0,37.92
LICI,EQ,21-Mar-2024,866.90,882.00,909.55,877.50,901.25,901.80,896.42,6292495,5640739219.75,123941,2170463.0,34.49
LICI,EQ,22-Mar-2024,901.80,905.00,909.00,888.50,906.00,906.35,899.64,4895634,4404301682.5,78287,2051573.0,41.91
LICI,EQ,26-Mar-2024,906.35,909.10,918.00,892.20,899.95,897.45,908.54,3883441,3528276084.5,80301,1544563.0,39.77
LICI,EQ,27-Mar-2024,897.45,900.95,913.00,888.95,893.05,892.50,898.29,7788410,6996228871.6,120713,2988292.0,38.37
LICI,EQ,28-Mar-2024,892.50,902.65,928.00,901.75,917.00,916.15,917.36,4191452,3845051437.8,90412,1467673.0,35.02
LICI,EQ,01-Apr-2024,916.15,925.00,984.45,924.00,971.95,970.60,952.13,4863536,4630723067.45,116607,1876146.0,38.58
LICI,EQ,02-Apr-2024,970.60,972.65,"1,001.80",961.30,996.50,998.40,984.56,5922613,5831144922.75,132121,1584626.0,26.76
LICI,EQ,03-Apr-2024,998.40,995.00,"1,016.00",990.00,999.00,997.75,"1,004.72",4112423,4131849132.8,103285,1552098.0,37.74
LICI,EQ,04-Apr-2024,997.75,"1,003.80","1,016.35",991.95,"1,007.00","1,006.55","1,005.24",3198816,3215570532.25,76436,1082898.0,33.85
LICI,EQ,05-Apr-2024,"1,006.55","1,006.00","1,011.60",990.05,992.00,992.75,998.35,2430940,2426934049.75,62708,1149555.0,47.29
LICI,EQ,08-Apr-2024,992.75,998.00,"1,007.00",993.05,995.50,996.70,998.45,1512582,1510243378.8,45852,590900.0,39.07
LICI,EQ,09-Apr-2024,996.70,997.30,"1,014.90",974.30,977.00,979.25,993.71,3349559,3328474138.0,105550,1447636.0,43.22
LICI,EQ,10-Apr-2024,979.25,982.80,989.80,974.00,977.00,976.95,980.00,2414938,2366644328.55,79604,1139834.0,47.20
LICI,EQ,12-Apr-2024,976.95,976.00,981.95,968.00,972.80,970.95,975.11,1850855,1804788688.65,62226,918485.0,49.62
LICI,EQ,15-Apr-2024,970.95,956.05,974.00,932.05,964.00,961.55,956.70,2950660,2822910087.85,90811,1086686.0,36.83
LICI,EQ,16-Apr-2024,961.55,954.95,984.30,944.40,976.05,975.90,973.73,2226633,2168138836.1,60620,817205.0,36.70
LICI,EQ,18-Apr-2024,975.90,980.05,986.00,958.00,963.45,961.05,972.00,1943056,1888650042.9,70472,946136.0,48.69
LICI,EQ,19-Apr-2024,961.05,952.85,977.00,948.65,972.60,973.30,967.60,2273800,2200122594.2,82337,913320.0,40.17
LICI,EQ,22-Apr-2024,973.30,978.60,983.80,972.00,976.90,974.60,977.57,1310535,1281144796.65,49086,603832.0,46.08
LICI,BL,23-Apr-2024,907.20,974.60,974.60,974.60,974.60,974.60,974.60,141807,138205102.2,1,,-
LICI,EQ,23-Apr-2024,974.60,979.45,"1,008.70",977.00,985.70,986.10,994.47,4958541,4931120922.45,109656,1561170.0,31.48
LICI,EQ,24-Apr-2024,986.10,991.95,"1,010.00",988.45,993.00,990.75,998.05,2492259,2487397561.1,70964,980688.0,39.35
LICI,EQ,25-Apr-2024,990.75,995.00,995.20,979.45,985.00,984.50,984.51,1754417,1727239785.2,50174,807479.0,46.03
LICI,EQ,26-Apr-2024,984.50,989.00,"1,005.50",982.00,988.00,988.05,992.40,3359199,3333676787.15,72871,1465234.0,43.62
LICI,EQ,29-Apr-2024,988.05,994.00,994.00,977.60,981.15,980.20,982.65,2000595,1965890404.05,94847,1129525.0,56.46
LICI,EQ,30-Apr-2024,980.20,985.15,991.00,975.55,980.00,978.25,981.37,1883464,1848375943.35,70337,862959.0,45.82
LICI,EQ,02-May-2024,978.25,982.90,"1,009.80",980.70,999.05,999.15,999.86,4961650,4960969276.95,122378,2601591.0,52.43
LICI,EQ,03-May-2024,999.15,"1,003.80","1,004.00",970.55,979.05,979.15,986.17,2207262,2176730017.05,66998,962949.0,43.63
LICI,EQ,06-May-2024,979.15,982.80,984.90,929.65,935.95,934.00,947.78,3714064,3520114783.65,117318,1790339.0,48.20
LICI,EQ,07-May-2024,934.00,938.00,946.00,912.25,923.45,921.65,928.24,2154627,2000013408.85,73564,806521.0,37.43
LICI,EQ,08-May-2024,921.65,923.00,936.95,920.60,931.45,929.85,929.25,1315309,1222253686.1,39190,435644.0,33.12
LICI,EQ,09-May-2024,929.85,931.95,934.20,898.70,903.75,902.15,913.49,1510223,1379580634.65,65264,728318.0,48.23
LICI,EQ,10-May-2024,902.15,920.00,934.90,902.15,911.30,910.95,915.39,2853402,2611971276.45,83499,780323.0,27.35
LICI,EQ,13-May-2024,910.95,910.90,912.65,888.60,894.00,891.70,894.39,2065788,1847626203.55,66003,994937.0,48.16
LICI,EQ,14-May-2024,891.70,896.65,936.35,896.00,934.10,931.00,918.24,1922026,1764874344.9,57485,794891.0,41.36
LICI,EQ,15-May-2024,931.00,934.00,999.35,932.55,994.50,990.00,972.02,7637335,7423605662.7,178864,2717233.0,35.58
LICI,EQ,16-May-2024,990.00,"1,000.00","1,000.95",967.20,972.20,973.50,977.99,2292001,2241548810.1,67374,762707.0,33.28
LICI,EQ,17-May-2024,973.50,974.70,979.00,965.20,970.30,970.40,970.99,1524382,1480161444.1,49506,561787.0,36.85
LICI,EQ,18-May-2024,970.40,974.65,980.10,970.95,974.00,974.40,975.37,265208,258675733.3,8495,157787.0,59.50
LICI,EQ,21-May-2024,974.40,977.05,"1,033.80",975.00,"1,024.00","1,023.70","1,006.73",6323927,6366467708.1,162325,3091148.0,48.88
LICI,EQ,22-May-2024,"1,023.70","1,031.00","1,066.75","1,031.00","1,052.50","1,055.45","1,048.92",7658810,8033506326.8,171362,3160155.0,41.26
LICI,EQ,23-May-2024,"1,055.45","1,056.00","1,059.00","1,028.50","1,029.45","1,031.20","1,037.55",2389235,2478951085.3,65611,1059240.0,44.33
LICI,EQ,24-May-2024,"1,031.20","1,033.00","1,052.30","1,013.35","1,027.00","1,029.75","1,031.04",3747892,3864240646.05,83406,1236004.0,32.98
LICI,EQ,27-May-2024,"1,029.75","1,035.00","1,054.00","1,024.05","1,037.65","1,036.05","1,039.65",3168271,3293883716.45,78986,1213520.0,38.30
LICI,EQ,28-May-2024,"1,036.05","1,054.70","1,062.45","1,011.65","1,014.00","1,016.00","1,032.55",6525071,6737491820.45,137696,2182262.0,33.44
LICI,EQ,29-May-2024,"1,016.00","1,010.00","1,024.40",993.00,995.50,998.30,"1,008.83",2716582,2740558707.85,71937,1083475.0,39.88
LICI,EQ,30-May-2024,998.30,996.50,"1,008.00",989.00,993.00,993.30,998.86,1863884,1861760064.7,61850,647515.0,34.74
LICI,EQ,31-May-2024,993.30,997.95,"1,018.00",992.75,"1,012.00","1,012.70","1,008.07",3432527,3460210461.25,101554,1527695.0,44.51
LICI,EQ,03-Jun-2024,"1,012.70","1,058.35","1,078.80","1,032.25","1,065.90","1,067.65","1,054.22",8680378,9151017101.35,178015,3880828.0,44.71
LICI,EQ,04-Jun-2024,"1,067.65","1,052.00","1,052.00",880.05,934.00,927.85,964.87,11529105,11124092049.15,306128,4533468.0,39.32
LICI,EQ,05-Jun-2024,927.85,946.00,948.00,901.00,938.95,941.40,930.65,3835996,3569980944.85,127865,1482953.0,38.66
LICI,EQ,06-Jun-2024,941.40,954.80,993.85,954.40,985.00,980.80,980.31,3548002,3478158902.0,84991,1233174.0,34.76
LICI,EQ,07-Jun-2024,980.80,983.00,997.75,976.45,996.00,994.20,990.71,2201013,2180562341.6,53070,983836.0,44.70
LICI,EQ,10-Jun-2024,994.20,"1,001.00","1,007.95",992.00,997.35,997.40,"1,000.95",2211500,2213599545.35,58236,972795.0,43.99
LICI,EQ,11-Jun-2024,997.40,999.00,"1,020.95",992.10,"1,006.50","1,006.70","1,005.77",2965921,2983022706.9,64773,1128168.0,38.04
LICI,EQ,12-Jun-2024,"1,006.70","1,010.00","1,016.80",996.05,999.00,998.45,"1,006.03",2320470,2334453576.05,52630,1291602.0,55.66
LICI,EQ,13-Jun-2024,998.45,"1,004.00","1,013.45",995.50,"1,003.00","1,002.30","1,002.96",1570380,1575023920.35,43412,645762.0,41.12
LICI,EQ,14-Jun-2024,"1,002.30","1,005.80","1,071.70","1,002.45","1,061.85","1,066.85","1,047.94",12499063,13098330023.1,231133,5031111.0,40.25
LICI,EQ,18-Jun-2024,"1,066.85","1,066.85","1,085.00","1,051.40","1,057.00","1,056.50","1,064.53",4276266,4552225255.25,105671,1590642.0,37.20
LICI,EQ,19-Jun-2024,"1,056.50","1,061.00","1,063.85","1,023.45","1,032.75","1,031.50","1,035.61",3184916,3298333288.15,77971,1247040.0,39.15
LICI,EQ,20-Jun-2024,"1,031.50","1,033.45","1,041.00","1,025.00","1,028.10","1,027.40","1,031.35",1930583,1991113533.1,43454,929071.0,48.12
LICI,EQ,21-Jun-2024,"1,027.40","1,031.40","1,045.80","1,015.05","1,025.00","1,023.95","1,027.09",2488419,2555842529.8,64127,927048.0,37.25
LICI,EQ,24-Jun-2024,"1,023.95","1,018.75","1,028.30","1,005.00","1,016.00","1,015.45","1,016.90",1521674,1547394251.5,46467,588722.0,38.69
LICI,EQ,25-Jun-2024,"1,015.45","1,023.00","1,023.25","1,005.75","1,008.00","1,007.65","1,012.57",1268764,1284711826.2,40203,548402.0,43.22
LICI,EQ,26-Jun-2024,"1,007.65","1,008.00","1,023.80",999.20,"1,001.00","1,001.40","1,007.83",1850138,1864623161.25,47693,1004206.0,54.28
LICI,EQ,27-Jun-2024,"1,001.40","1,003.55","1,017.40",988.05,993.00,991.75,"1,000.42",2516238,2517300929.8,83775,1156393.0,45.96
LICI,EQ,28-Jun-2024,991.75,998.00,"1,014.00",985.20,992.00,988.75,998.12,2730672,2725544656.1,81427,1216081.0,44.53
LICI,EQ,01-Jul-2024,988.75,995.00,"1,006.10",990.10,995.00,996.35,998.94,1804287,1802372637.1,54460,725475.0,40.21
LICI,EQ,02-Jul-2024,996.35,998.00,999.70,982.20,986.00,985.45,989.41,1535205,1518947685.05,46279,766803.0,49.95
LICI,EQ,03-Jul-2024,985.45,985.45,993.40,985.45,988.95,988.20,989.47,1128509,1116621761.9,33376,497614.0,44.09
LICI,EQ,04-Jul-2024,988.20,991.00,"1,024.50",991.00,"1,010.30","1,010.20","1,011.94",3904568,3951187349.35,88910,1433449.0,36.71
LICI,EQ,05-Jul-2024,"1,010.20","1,010.20","1,024.20","1,003.80","1,014.55","1,015.65","1,013.01",2331848,2362181157.7,58781,858572.0,36.82
LICI,EQ,08-Jul-2024,"1,015.65","1,017.00","1,026.40",999.10,"1,012.00","1,013.35","1,014.21",2355243,2388699830.0,58106,692345.0,29.40
LICI,EQ,09-Jul-2024,"1,013.35","1,014.50","1,042.00","1,008.20","1,033.10","1,032.35","1,022.68",6941750,7099164103.75,87184,4237117.0,61.04
LICI,EQ,10-Jul-2024,"1,032.35","1,032.95","1,062.00","1,016.00","1,047.80","1,049.50","1,042.54",7415472,7730924196.9,127295,3301159.0,44.52
LICI,EQ,11-Jul-2024,"1,049.50","1,052.95","1,062.90","1,039.20","1,058.00","1,057.35","1,051.35",3411317,3586494398.3,66021,1555722.0,45.60
LICI,EQ,12-Jul-2024,"1,057.35","1,065.00","1,065.95","1,045.60","1,052.00","1,051.55","1,056.25",2662257,2812016116.05,57809,1102096.0,41.40
LICI,EQ,15-Jul-2024,"1,051.55","1,055.00","1,067.00","1,038.60","1,058.00","1,060.30","1,057.50",2971983,3142882410.75,55187,1466794.0,49.35
LICI,EQ,16-Jul-2024,"1,060.30","1,065.00","1,117.80","1,058.20","1,105.95","1,108.45","1,099.51",14185936,15597629014.6,248342,5951125.0,41.95
LICI,EQ,18-Jul-2024,"1,108.45","1,109.00","1,130.00","1,088.30","1,106.65","1,109.65","1,111.17",7475945,8307015853.3,156676,2802595.0,37.49
LICI,EQ,19-Jul-2024,"1,109.65","1,106.00","1,118.70","1,063.35","1,107.00","1,108.25","1,091.72",5579511,6091252556.75,118655,2548629.0,45.68
LICI,EQ,22-Jul-2024,"1,108.25","1,100.00","1,146.40","1,090.00","1,121.00","1,123.70","1,132.61",6769614,7667311536.7,152381,2681306.0,39.61
LICI,EQ,23-Jul-2024,"1,123.70","1,130.45","1,143.70","1,044.50","1,085.00","1,086.65","1,108.59",6560323,7272694175.25,165652,2179156.0,33.22
LICI,EQ,24-Jul-2024,"1,086.65","1,090.00","1,170.00","1,088.15","1,155.00","1,160.55","1,139.60",7850480,8946398950.95,182161,2757737.0,35.13
LICI,EQ,25-Jul-2024,"1,160.55","1,140.00","1,173.00","1,130.00","1,159.20","1,160.90","1,158.99",5527885,6406748175.6,121668,1792437.0,32.43
LICI,EQ,26-Jul-2024,"1,160.90","1,165.00","1,197.00","1,151.05","1,190.00","1,184.35","1,179.88",7729718,9120153632.65,169653,2910234.0,37.65
LICI,EQ,29-Jul-2024,"1,184.35","1,194.65","1,197.00","1,165.30","1,180.10","1,173.60","1,176.61",3020820,3554330223.9,83830,1359515.0,45.00
LICI,EQ,30-Jul-2024,"1,173.60","1,173.60","1,192.45","1,163.80","1,187.00","1,188.10","1,179.36",3011688,3551875622.75,83918,975903.0,32.40
LICI,EQ,31-Jul-2024,"1,188.10","1,188.10","1,193.50","1,168.85","1,176.00","1,176.10","1,177.77",3126309,3682070754.85,67319,1169898.0,37.42
LICI,EQ,01-Aug-2024,"1,176.10","1,183.15","1,222.00","1,176.05","1,179.00","1,179.15","1,203.88",6938545,8353174307.75,165595,2178738.0,31.40
LICI,EQ,02-Aug-2024,"1,179.15","1,172.05","1,191.00","1,160.00","1,182.70","1,179.55","1,176.59",3057586,3597531013.1,73527,867192.0,28.36
LICI,EQ,05-Aug-2024,"1,179.55","1,154.00","1,154.00","1,087.00","1,109.00","1,107.65","1,115.74",5878903,6559308823.4,149730,2566140.0,43.65
LICI,EQ,06-Aug-2024,"1,107.65","1,120.00","1,136.90","1,076.20","1,084.80","1,079.55","1,106.44",3343418,3699288150.95,86518,1091745.0,32.65
LICI,EQ,07-Aug-2024,"1,079.55","1,115.00","1,127.80","1,084.75","1,124.00","1,123.55","1,112.01",2488460,2767186748.6,64109,748516.0,30.08
LICI,EQ,08-Aug-2024,"1,123.55","1,126.00","1,148.40","1,118.90","1,124.00","1,125.60","1,133.12",2615890,2964119380.3,68807,627070.0,23.97
LICI,EQ,09-Aug-2024,"1,125.60","1,155.00","1,160.00","1,128.95","1,136.60","1,133.45","1,138.22",3598457,4095835483.55,90728,1342612.0,37.31
LICI,EQ,12-Aug-2024,"1,133.45","1,125.00","1,130.30","1,071.10","1,077.00","1,074.35","1,090.03",5939943,6474742163.15,166108,2381750.0,40.10
LICI,EQ,13-Aug-2024,"1,074.35","1,086.00","1,089.90","1,020.10","1,033.00","1,028.60","1,051.86",3776212,3972038281.25,122318,1733527.0,45.91
LICI,EQ,14-Aug-2024,"1,028.60","1,042.50","1,044.00","1,003.75","1,034.00","1,027.30","1,021.97",3380840,3455120841.7,114177,1123456.0,33.23
LICI,EQ,16-Aug-2024,"1,027.30","1,040.00","1,065.00","1,037.30","1,058.20","1,057.30","1,050.10",2611128,2741957165.25,69813,1065464.0,40.80
LICI,EQ,19-Aug-2024,"1,057.30","1,059.65","1,075.00","1,056.65","1,071.00","1,072.35","1,068.55",1779464,1901438101.5,48113,734395.0,41.27
LICI,EQ,20-Aug-2024,"1,072.35","1,074.95","1,082.00","1,065.55","1,068.00","1,067.95","1,073.51",1145286,1229478762.3,43577,501686.0,43.80
LICI,EQ,21-Aug-2024,"1,067.95","1,069.90","1,086.75","1,065.00","1,081.75","1,084.15","1,077.55",1381891,1489060470.7,41964,578820.0,41.89
LICI,EQ,22-Aug-2024,"1,084.15","1,092.00","1,092.00","1,072.50","1,076.90","1,075.50","1,079.14",1019258,1099921311.75,39883,512388.0,50.27
LICI,EQ,23-Aug-2024,"1,075.50","1,080.30","1,080.30","1,059.00","1,060.55","1,061.35","1,067.47",922493,984736347.3,37561,442859.0,48.01
LICI,EQ,26-Aug-2024,"1,061.35","1,065.00","1,073.75","1,049.70","1,051.95","1,052.05","1,057.03",1156208,1222145673.15,41063,561358.0,48.55
LICI,EQ,27-Aug-2024,"1,052.05","1,061.90","1,090.00","1,045.00","1,080.50","1,079.15","1,073.86",3116822,3347032926.25,69139,1222765.0,39.23
LICI,EQ,28-Aug-2024,"1,079.15","1,080.45","1,095.00","1,073.00","1,083.00","1,084.50","1,085.56",1481538,1608296041.2,40950,632543.0,42.70
LICI,EQ,29-Aug-2024,"1,084.50","1,088.00","1,088.00","1,061.00","1,071.00","1,068.85","1,069.43",1520168,1625709979.5,42458,579296.0,38.11
LICI,EQ,30-Aug-2024,"1,068.85","1,070.00","1,078.50","1,061.00","1,061.00","1,064.25","1,068.98",933547,997944033.7,33543,361260.0,38.70
LICI,EQ,02-Sep-2024,"1,064.25","1,065.50","1,070.25","1,055.75","1,058.75","1,058.60","1,062.43",857165,910680366.6,33928,364745.0,42.55
LICI,EQ,03-Sep-2024,"1,058.60","1,064.00","1,068.80","1,054.45","1,062.15","1,062.30","1,061.13",857613,910039406.95,36071,361242.0,42.12
LICI,EQ,04-Sep-2024,"1,062.30","1,055.10","1,069.90","1,050.60","1,064.00","1,064.75","1,059.04",978470,1036235317.75,31409,399777.0,40.86
LICI,EQ,05-Sep-2024,"1,064.75","1,064.00","1,079.95","1,058.30","1,068.00","1,069.30","1,069.61",1019982,1090984442.0,36892,387291.0,37.97
LICI,EQ,06-Sep-2024,"1,069.30","1,065.00","1,072.00","1,035.00","1,040.00","1,038.90","1,048.12",1370284,1436217260.2,51700,657041.0,47.95
LICI,EQ,09-Sep-2024,"1,038.90","1,038.90","1,044.90","1,020.00","1,035.25","1,029.30","1,027.15",1433956,1472891444.25,53375,558921.0,38.98
LICI,EQ,10-Sep-2024,"1,029.30","1,034.00","1,045.00","1,030.00","1,034.00","1,032.15","1,036.54",749982,777389274.8,28793,303412.0,40.46
LICI,EQ,11-Sep-2024,"1,032.15","1,033.00","1,036.85","1,004.85","1,013.00","1,013.70","1,021.90",973759,995080100.7,36068,483287.0,49.63
LICI,EQ,12-Sep-2024,"1,013.70","1,019.90","1,034.90","1,018.95","1,033.50","1,031.60","1,027.98",836623,860031193.9,30482,360085.0,43.04
LICI,EQ,13-Sep-2024,"1,031.60","1,035.00","1,046.00","1,028.70","1,034.00","1,034.15","1,038.35",870819,904213874.15,30055,354873.0,40.75
LICI,EQ,16-Sep-2024,"1,034.15","1,039.00","1,041.65","1,026.05","1,029.00","1,028.15","1,030.81",927727,956305970.05,33940,545297.0,58.78
LICI,EQ,17-Sep-2024,"1,028.15","1,029.95","1,029.95","1,020.00","1,020.10","1,021.20","1,022.91",502810,514328600.4,24413,256744.0,51.06
LICI,EQ,18-Sep-2024,"1,021.20","1,021.00","1,034.45","1,016.00","1,018.15","1,018.60","1,024.77",708747,726300892.4,31687,283192.0,39.96
LICI,EQ,19-Sep-2024,"1,018.60","1,023.00","1,029.55",991.00,"1,001.00","1,000.55","1,004.05",1381614,1387205235.25,61746,701653.0,50.79
LICI,EQ,20-Sep-2024,"1,000.55","1,008.00","1,024.45","1,002.50","1,014.00","1,010.35","1,010.98",1547836,1564833323.1,48434,711582.0,45.97
LICI,EQ,23-Sep-2024,"1,010.35","1,012.95","1,037.45","1,012.15","1,033.00","1,032.85","1,028.98",1343379,1382312167.55,47461,600229.0,44.68
LICI,EQ,24-Sep-2024,"1,032.85","1,032.85","1,043.45","1,025.25","1,027.45","1,028.20","1,034.06",922727,954151527.95,45474,467142.0,50.63
LICI,EQ,25-Sep-2024,"1,028.20","1,026.95","1,032.45","1,013.10","1,021.90","1,019.00","1,018.91",979782,998305856.75,38076,550877.0,56.22
LICI,EQ,26-Sep-2024,"1,019.00","1,024.00","1,048.90","1,010.50","1,028.00","1,028.05","1,032.31",2653652,2739379348.35,99226,772183.0,29.10
LICI,EQ,27-Sep-2024,"1,028.05","1,033.20","1,033.20","1,020.40","1,025.10","1,024.25","1,024.64",1196872,1226368638.7,46845,730169.0,61.01
LICI,EQ,30-Sep-2024,"1,024.25","1,022.00","1,022.00","1,003.10","1,007.90","1,006.95","1,008.40",1434359,1446414316.8,58643,868332.0,60.54
LICI,EQ,01-Oct-2024,"1,006.95","1,008.35","1,012.40",999.00,"1,000.60","1,000.05","1,003.59",1146284,1150395674.0,49130,684709.0,59.73
LICI,EQ,03-Oct-2024,"1,000.05",990.00,994.85,964.25,968.85,967.35,978.47,1963460,1921196265.4,91164,1227855.0,62.54
LICI,EQ,04-Oct-2024,967.35,973.00,982.80,955.70,970.00,971.15,971.47,1345161,1306782320.45,61618,500870.0,37.23
LICI,EQ,07-Oct-2024,971.15,971.00,977.00,924.15,930.85,931.00,937.02,3406517,3191965350.75,165034,1854469.0,54.44
LICI,EQ,08-Oct-2024,931.00,931.00,967.45,923.10,962.80,964.40,950.38,3021144,2871245523.25,85197,1769340.0,58.57
LICI,EQ,09-Oct-2024,964.40,971.00,977.25,964.00,971.00,970.95,971.27,857896,833248906.9,39141,368682.0,42.98
LICI,EQ,10-Oct-2024,970.95,974.00,979.20,962.05,965.90,965.15,970.18,600669,582756843.2,28725,266905.0,44.43
LICI,EQ,11-Oct-2024,965.15,967.45,971.90,947.25,951.00,948.85,954.64,957899,914447701.8,39491,544671.0,56.86
LICI,EQ,14-Oct-2024,948.85,958.30,965.95,954.75,961.60,959.50,960.15,655775,629644111.55,30603,271832.0,41.45
LICI,EQ,15-Oct-2024,959.50,963.00,965.00,943.30,948.00,947.85,950.42,1201370,1141801735.0,48911,740706.0,61.66
LICI,EQ,16-Oct-2024,947.85,947.85,955.00,941.25,943.00,942.95,945.01,976566,922863515.9,45921,580717.0,59.47
LICI,EQ,17-Oct-2024,942.95,942.95,949.90,931.00,934.90,933.10,936.79,731896,685635166.5,39998,382558.0,52.27
LICI,EQ,18-Oct-2024,933.10,930.00,941.95,925.30,936.00,934.90,934.75,707640,661467506.25,34323,302575.0,42.76
LICI,EQ,21-Oct-2024,934.90,945.00,952.90,922.10,922.95,926.30,933.36,767516,716371729.65,42614,364863.0,47.54
LICI,EQ,22-Oct-2024,926.30,926.00,933.30,909.25,915.45,915.50,915.65,1397403,1279536247.25,59724,813573.0,58.22
LICI,EQ,23-Oct-2024,915.50,919.85,924.90,895.15,908.35,909.45,911.75,1053255,960309807.0,52279,311183.0,29.54
LICI,EQ,24-Oct-2024,909.45,906.00,924.00,906.00,915.00,912.40,913.17,911588,832437092.75,41596,444508.0,48.76
LICI,EQ,25-Oct-2024,912.40,910.10,918.00,888.30,904.00,903.65,899.52,1268810,1141315643.1,54940,654278.0,51.57
LICI,EQ,28-Oct-2024,903.65,909.35,923.65,896.65,915.50,915.40,910.52,1060660,965747433.0,36527,503737.0,47.49
LICI,EQ,29-Oct-2024,915.40,920.10,937.15,915.80,934.00,934.40,927.27,1053721,977080426.45,42188,435677.0,41.35
LICI,EQ,30-Oct-2024,934.40,937.85,947.45,930.05,935.00,934.95,939.11,683462,641848071.95,32924,265307.0,38.82
LICI,EQ,31-Oct-2024,934.95,933.00,939.50,920.00,923.40,923.05,927.42,634496,588443395.3,31942,387587.0,61.09
LICI,EQ,01-Nov-2024,923.05,926.90,932.00,925.30,930.70,930.35,929.55,153297,142497267.15,10511,106388.0,69.40
LICI,EQ,04-Nov-2024,930.35,934.00,936.40,911.25,923.10,923.75,921.25,614860,566440217.0,40002,283030.0,46.03
LICI,EQ,05-Nov-2024,923.75,925.00,930.35,915.80,928.80,928.65,924.63,834576,771671010.5,48291,440285.0,52.76
LICI,EQ,06-Nov-2024,928.65,930.00,947.80,924.15,946.00,945.25,938.29,1026191,962864047.9,42232,436397.0,42.53
LICI,EQ,07-Nov-2024,945.25,945.00,954.00,927.15,928.20,929.70,940.14,816992,768089725.8,32005,381475.0,46.69
LICI,EQ,08-Nov-2024,929.70,931.00,934.85,911.90,915.55,914.65,920.81,717691,660854578.6,32496,345960.0,48.20
LICI,EQ,11-Nov-2024,914.65,920.00,933.70,909.00,920.00,918.45,922.13,1238920,1142440469.35,54649,321815.0,25.98
LICI,EQ,12-Nov-2024,918.45,930.50,958.00,918.00,921.25,921.15,939.07,2255309,2117887320.85,81859,567767.0,25.17
LICI,EQ,13-Nov-2024,921.15,922.00,924.90,890.05,900.20,897.90,899.48,1326985,1193592000.05,59367,630126.0,47.49
LICI,EQ,14-Nov-2024,897.90,905.00,924.50,895.60,907.55,908.65,910.25,1221663,1112014190.5,46501,373932.0,30.61
LICI,EQ,18-Nov-2024,908.65,908.65,916.95,900.00,901.35,901.75,905.35,667386,604219212.75,32251,245229.0,36.74
LICI,EQ,19-Nov-2024,901.75,910.00,916.65,894.00,896.60,896.65,907.85,778486,706749852.55,30250,300205.0,38.56
LICI,EQ,21-Nov-2024,896.65,894.00,898.95,872.00,883.75,881.95,886.26,1648142,1460688940.3,51653,654971.0,39.74
LICI,EQ,22-Nov-2024,881.95,884.00,895.00,879.00,892.00,889.50,886.32,947168,839493729.85,34790,269894.0,28.49
LICI,EQ,25-Nov-2024,889.50,905.95,911.75,902.60,904.95,905.05,905.51,1116286,1010812441.5,35410,499465.0,44.74
LICI,EQ,26-Nov-2024,905.05,905.05,919.80,900.00,904.10,907.20,910.18,873562,795100534.45,31531,249680.0,28.58
LICI,EQ,27-Nov-2024,907.20,910.00,917.50,906.00,916.60,916.30,912.56,779480,711322472.75,29575,377639.0,48.45
LICI,EQ,28-Nov-2024,916.30,920.00,952.50,917.25,940.90,938.60,937.93,2788917,2615804805.9,83854,957808.0,34.34
LICI,EQ,29-Nov-2024,938.60,947.00,992.15,945.00,984.90,985.50,976.45,7397971,7223749318.25,168161,3101021.0,41.92
LICI,EQ,02-Dec-2024,985.50,985.00,999.95,974.35,981.90,983.80,987.57,1979567,1954970738.55,64727,706578.0,35.69
LICI,EQ,03-Dec-2024,983.80,990.00,995.00,966.20,968.00,969.75,977.77,1659133,1622245458.3,53912,759170.0,45.76
LICI,EQ,04-Dec-2024,969.75,970.00,982.00,967.60,973.20,971.35,974.40,1044244,1017512546.75,39502,394208.0,37.75
LICI,EQ,05-Dec-2024,971.35,978.00,981.00,966.25,976.00,976.90,974.40,1211446,1180428931.7,38873,342747.0,28.29
LICI,EQ,06-Dec-2024,976.90,977.90,992.95,975.20,982.85,983.25,984.90,1330397,1310308983.5,44956,617710.0,46.43
LICI,EQ,09-Dec-2024,983.25,987.65,"1,007.80",981.85,985.90,986.35,995.30,2050254,2040624361.9,61561,686303.0,33.47
LICI,EQ,10-Dec-2024,986.35,979.00,979.00,945.50,947.40,948.20,954.30,3666785,3499229888.8,94713,1448509.0,39.50
LICI,EQ,11-Dec-2024,948.20,948.20,952.00,937.15,937.90,938.80,943.13,1218352,1149068452.5,43308,539978.0,44.32
LICI,EQ,12-Dec-2024,938.80,939.00,944.00,926.55,928.90,928.50,934.06,1226052,1145209053.85,46864,573032.0,46.74
LICI,EQ,13-Dec-2024,928.50,928.90,934.00,913.55,931.35,931.90,924.91,1275193,1179433096.1,50086,300456.0,23.56
LICI,EQ,16-Dec-2024,931.90,935.00,936.50,923.00,923.90,923.90,927.09,709525,657796429.85,28886,316073.0,44.55
LICI,EQ,17-Dec-2024,923.90,931.40,934.80,918.00,918.40,920.05,926.41,1020033,944972148.55,38418,466687.0,45.75
LICI,EQ,18-Dec-2024,920.05,920.00,924.50,905.00,906.50,906.45,911.53,1200629,1094408713.85,39735,508460.0,42.35
LICI,EQ,19-Dec-2024,906.45,895.00,908.00,890.55,906.00,905.05,900.66,1432458,1290163674.55,43188,550286.0,38.42
LICI,EQ,20-Dec-2024,905.05,905.70,914.90,895.35,901.00,901.70,907.04,1401586,1271287757.4,56759,581273.0,41.47
LICI,EQ,23-Dec-2024,901.70,902.50,906.90,892.60,905.10,904.80,902.26,1947520,1757162992.25,39170,1165735.0,59.86
LICI,EQ,24-Dec-2024,904.80,904.70,904.80,890.00,890.00,890.65,894.80,980630,877468386.45,36347,423925.0,43.23
LICI,EQ,26-Dec-2024,890.65,890.65,895.00,885.15,892.35,891.90,890.78,766954,683183917.65,32947,335571.0,43.75
LICI,EQ,27-Dec-2024,891.90,893.00,899.90,885.50,886.95,887.00,891.90,592236,528215349.1,25144,335095.0,56.58
LICI,EQ,30-Dec-2024,887.0,891.75,928.9,878.45,912.5,905.4,900.7,3192145,2875177466.15,77488,2166339.0,67.86
LICI,EQ,31-Dec-2024,905.4,903.0,903.0,883.1,891.35,892.0,889.42,1282443,1140628043.55,44167,521212.0,40.64
LICI,EQ,01-Jan-2025,892.0,896.0,898.3,890.0,896.65,896.4,895.01,524731,469641988.4,22307,182733.0,34.82
