Symbol,Series,Date,PrevClose,Open,High,Low,LastPrice,Close,AveragePrice,Volume,TurnoverInRs,No.ofTrades,DeliverableQty,%DlyQttoTradedQty,sent_mean,sent_sum,sent_std,news_count,ret_1d,momentum_1m,momentum_3m,momentum_6m,vol_30d,vol_90d,rsi_14,macd,signal,macd_hist,ema_cross,sent_3d,sent_5d,sent_lag1,news_intensity,momentum_1m_z,momentum_3m_z,momentum_6m_z,vol_30d_z,vol_90d_z,rsi_14_z,macd_hist_z,ema_cross_z,sent_3d_z,sent_5d_z,sent_lag1_z,news_intensity_z
JIOFIN,EQ,2024-02-21,281.7,284.0,294.5,283.2,289.65,290.1,289.64,64130106.0,18574523382.8,416397,24871205.0,38.78,0.0,0.0,0.0,0.0,0.029818956336528313,0.17711503347535018,0.3174386920980927,0.16552832462836498,0.03652376159871107,0.025025779083444367,69.29375639713408,9.35018872938872,8.017340170563626,1.3328485588250931,1,0.0,0.0,0.0,0.0,,,,,,,,,,,,
JIOFIN,EQ,2024-02-22,290.1,291.7,305.3,291.1,303.85,302.85,299.38,75689296.0,22660156832.6,410986,29271194.0,38.67,0.0,0.0,0.0,0.0,0.043950361944157246,0.25977537437604004,0.36480396575033813,0.2808204694438572,0.03707449377724594,0.025384483333283588,72.48968363136174,10.9830143691143,8.610475010273761,2.3725393588405392,1,0.0,0.0,0.0,0.0,,,,,,,,,,,,
JIOFIN,EQ,2024-02-23,302.85,305.8,347.0,305.35,335.0,333.95,330.7,270077122.0,89315742779.7,1305409,58033503.0,21.49,0.0,0.0,0.0,0.0,0.10269110120521696,0.39290928050052143,0.5093785310734462,0.48653460939238813,0.040421267335696946,0.027445395975607516,71.38769670958509,14.618042840476335,9.811988576314276,4.806054264162059,1,0.0,0.0,0.0,0.0,,,,,,,,,,,,
JIOFIN,EQ,2024-02-26,333.95,340.45,348.0,325.75,328.0,327.8,335.59,107359705.0,36029272085.35,768542,26024296.0,24.24,0.0,0.0,0.0,0.0,-0.018415930528522195,0.3666875130289766,0.44724061810154536,0.5357226516748654,0.04074989416983779,0.02745728945116159,80.61389337641357,16.80881394663777,11.211353650378975,5.597460296258795,1,0.0,0.0,0.0,0.0,,,,,,,,,,,,
JIOFIN,EQ,2024-02-27,327.8,329.3,338.7,316.55,319.0,318.5,326.89,57002014.0,18633392790.5,520404,19024844.0,33.38,0.0,0.0,0.0,0.0,-0.02837095790115929,0.2689243027888446,0.40711287828584064,0.48484848484848486,0.04069867998677441,0.027530717604903308,75.07522567703109,17.59179627828405,12.48744217595999,5.104354102324061,1,0.0,0.0,0.0,0.0,,,,,,,,,,,,
JIOFIN,EQ,2024-02-28,318.5,320.0,322.45,306.05,309.45,308.3,311.91,48176158.0,15026545807.3,427665,18328605.0,38.04,0.0,0.0,0.0,0.0,-0.03202511773940342,0.24465078724263223,0.3638575536385755,0.4600994553634856,0.038972464742814815,0.027768859619181987,71.83301343570056,17.19109244947947,13.428172230663886,3.7629202188155837,1,0.0,0.0,0.0,0.0,,,,,,,,,,,,
JIOFIN,EQ,2024-02-29,308.3,312.0,322.0,308.0,310.6,310.0,313.77,81356675.0,25527114474.55,486768,35713798.0,43.90,0.0,0.0,0.0,0.0,0.005514109633473874,0.24874118831822756,0.3513513513513513,0.4074914869466515,0.03847048103615661,0.02776507044037511,69.3312434691745,16.81685335341342,14.105908455213793,2.710944898199628,1,0.0,0.0,0.0,0.0,,,,,,,,,,,,
JIOFIN,EQ,2024-03-01,310.0,313.5,321.6,311.55,318.0,317.9,316.8,37623310.0,11918904889.05,275851,11856836.0,31.51,0.0,0.0,0.0,0.0,0.02548387096774185,0.2595087163232963,0.40975609756097553,0.37470270270270256,0.03856985135490491,0.02752165667696227,72.75845173934346,16.96220046215467,14.67716685660197,2.2850336055527,1,0.0,0.0,0.0,0.0,,,,,,,,,,,,
JIOFIN,EQ,2024-03-02,317.9,319.0,329.65,318.0,328.9,328.25,326.55,17148671.0,5599931636.85,112020,6942961.0,40.49,0.0,0.0,0.0,0.0,0.032557407989934006,0.29334121355397946,0.4265536723163843,0.40578158458244107,0.03879446791815707,0.02764454159911658,74.97749774977498,17.708415997924533,15.283416684866484,2.4249993130580485,1,0.0,0.0,0.0,0.0,,,,,,,,,,,,
JIOFIN,EQ,2024-03-04,328.25,329.95,331.5,320.6,323.15,322.6,324.07,24183886.0,7837240835.0,241782,10646419.0,44.02,0.0,0.0,0.0,0.0,-0.0172124904798171,0.11587685921826352,0.3303092783505155,0.3159290230471141,0.039085339127089176,0.027646925403997297,71.28755364806868,17.640540238223764,15.754841395537941,1.885698842685823,1,0.0,0.0,0.0,0.0,,,,,,,,,,,,
JIOFIN,EQ,2024-03-05,322.6,324.0,327.9,319.5,322.9,321.7,323.69,18301432.0,5923941155.0,159397,7346787.0,40.14,0.0,0.0,0.0,0.0,-0.002789832610043508,0.18730393061450457,0.3021655535316736,0.2692838824225685,0.03862664302410368,0.02749825038867208,70.47700902449505,17.31453455483171,16.066780027396696,1.2477545274350135,1,0.0,0.0,0.0,0.0,,,,,,,,,,,,
JIOFIN,EQ,2024-03-06,321.7,322.95,333.9,321.35,326.9,326.35,327.56,53717380.0,17595819712.65,407130,18059000.0,33.62,0.0,0.0,0.0,0.0,0.014454460677649994,0.21545623836126637,0.3098535019064821,0.2795530288178789,0.03855214867735171,0.027417892223811507,72.90702566259992,17.23274053445516,16.29997212880839,0.9327684056467724,1,0.0,0.0,0.0,0.0,,,,,,,,,,,,
JIOFIN,EQ,2024-03-07,326.35,329.0,337.4,324.2,333.0,333.9,331.47,35988723.0,11929107764.75,276751,13801026.0,38.35,0.0,0.0,0.0,0.0,0.023134671365098614,0.2705479452054793,0.3670419651995904,0.3205457781293257,0.038559815005236316,0.027480736094732533,74.09493161705551,17.57455159502109,16.55488802205093,1.0196635729701633,1,0.0,0.0,0.0,0.0,,,,,,,,,,,,
JIOFIN,EQ,2024-03-11,333.9,336.9,359.85,332.45,356.7,355.65,350.0,121739384.0,42609007934.85,751857,32017688.0,26.30,0.0,0.0,0.0,0.0,0.06513926325247077,0.30274725274725256,0.44808631921824094,0.41243050039714046,0.03928237182729894,0.028172637510786462,76.72569569931333,19.377115228284765,17.119333463297696,2.257781764987069,1,0.0,0.0,0.0,0.0,,,,,,,,,,,,
JIOFIN,EQ,2024-03-12,355.65,360.0,374.5,358.75,363.4,361.85,367.6,111054091.0,40822957783.75,774918,29245205.0,26.33,0.0,0.0,0.0,0.0,0.017432869394067296,0.33302634002578757,0.5042610683849511,0.4291074249605056,0.03899230313729552,0.028188169543510395,76.34961439588689,21.06314525174446,17.90809582098705,3.1550494307574084,1,0.0,0.0,0.0,0.0,,,,,,,,,,,,
JIOFIN,EQ,2024-03-13,361.85,363.7,366.9,324.5,328.4,328.2,340.57,99102083.0,33751285101.7,855461,33173853.0,33.47,0.0,0.0,0.0,0.0,-0.09299433466906182,0.2032997250229147,0.3689259645464025,0.3120127923246052,0.043544525429589594,0.030058538271708422,58.070678127984706,19.459742617683048,18.21842518032625,1.2413174373567983,1,0.0,0.0,0.0,0.0,,,,,,,,,,,,
JIOFIN,EQ,2024-03-14,328.2,328.0,341.5,318.0,341.2,338.35,332.4,74698602.0,24829833817.15,719618,19211103.0,25.72,0.0,0.0,0.0,0.0,0.030926264472882492,0.23937728937728942,0.4180637049455156,0.3852610030706245,0.043694376981283284,0.0301467136787364,51.61645848640707,18.791438643786762,18.333027873018352,0.45841077076840975,1,0.0,0.0,0.0,0.0,,,,,,,,,,,,
JIOFIN,EQ,2024-03-15,338.35,340.0,348.85,336.45,346.45,344.75,343.9,55087417.0,18944360731.7,368706,14833061.0,26.93,0.0,0.0,0.0,0.0,0.018915324368257602,0.25798212005108545,0.4506627393225331,0.43526228143213985,0.04370798625549038,0.030175171181418024,56.2156215621562,18.56423252584767,18.379268803584218,0.18496372226345414,1,0.0,0.0,0.0,0.0,,,,,,,,,,,,
JIOFIN,EQ,2024-03-18,344.75,346.95,359.7,342.5,353.4,352.55,354.76,48365406.0,17158172716.45,375095,10869937.0,22.47,0.0,0.0,0.0,0.0,0.022625090645395307,0.2966164030893712,0.4680408078284406,0.45351473922902485,0.03653832389447823,0.030154674673582297,62.62513904338154,18.796886051384263,18.46279225314423,0.3340937982400334,1,0.0,0.0,0.0,0.0,,,,,,,,,,,,
JIOFIN,EQ,2024-03-19,352.55,353.4,357.9,347.0,353.55,353.3,353.63,42007913.0,14855192864.3,275768,10414977.0,24.79,0.0,0.0,0.0,0.0,0.0021273578215856848,0.28941605839416074,0.4825849769198489,0.4757727652464494,0.034085981955226656,0.030157121530914672,67.94258373205741,18.824783986760394,18.535190599867462,0.2895933868929319,1,0.0,0.0,0.0,0.0,,,,,,,,,,,,
JIOFIN,EQ,2024-03-20,353.3,353.3,356.35,335.65,338.0,337.5,342.56,50983696.0,17465085201.2,374071,15500043.0,30.40,0.0,0.0,0.0,0.0,-0.04472120011321823,0.1980830670926519,0.4541146057733736,0.4472555746140652,0.03535219667878039,0.03049931232913556,59.85663082437275,17.37171503029714,18.3024954859534,-0.9307804556562616,1,0.0,0.0,0.0,0.0,,,,,,,,,,,,
JIOFIN,EQ,2024-03-21,337.5,344.5,348.3,337.1,339.75,338.7,343.05,28731856.0,9856581053.45,216142,10148135.0,35.32,0.0,0.0,0.0,0.0,0.003555555555555534,0.16752843846949306,0.42310924369747904,0.47485303723056815,0.03492642879199439,0.03047672916557455,57.831325301204814,16.13102892446068,17.868202173654858,-1.7371732491941785,1,0.0,0.0,0.0,0.0,,,,,,,,,,,,
JIOFIN,EQ,2024-03-22,338.7,338.0,346.9,336.7,346.2,344.65,343.25,20548126.0,7053127023.75,148880,6337443.0,30.84,0.0,0.0,0.0,0.0,0.01756716858576901,0.13802212316328188,0.45575501583949296,0.5139468482319349,0.034515786414422246,0.030491625358284837,56.386292834890945,15.44979589083431,17.38452091709075,-1.9347250262564408,1,0.0,0.0,0.0,0.0,,,,,,,,,,,,
JIOFIN,EQ,2024-03-26,344.65,345.0,352.5,343.55,346.2,346.15,346.96,27168989.0,9426518514.25,207536,11799152.0,43.43,0.0,0.0,0.0,0.0,0.0043522414043233315,0.0365324150321904,0.4748615253515125,0.519534679543459,0.0344234378223522,0.030480209619020423,59.476861167001985,14.859658375704441,16.87954840881349,-2.01989003310905,1,0.0,0.0,0.0,0.0,,,,,,,,,,,,
JIOFIN,EQ,2024-03-27,346.15,348.25,355.6,348.0,349.9,350.7,351.59,50090709.0,17611528617.25,276216,26672012.0,53.25,0.0,0.0,0.0,0.0,0.013144590495449915,0.06985967053081144,0.4987179487179487,0.5264417845484222,0.03442443638049681,0.03048202038243515,61.33698201720093,14.590922050452207,16.421823137141235,-1.8309010866890283,1,0.0,0.0,0.0,0.0,,,,,,,,,,,,
JIOFIN,EQ,2024-03-28,350.7,354.85,357.75,350.4,353.9,353.75,353.57,22677067.0,8018020021.65,166634,9759167.0,43.04,0.0,0.0,0.0,0.0,0.008696891930424888,0.11067503924646771,0.5159631454896079,0.5353732638888888,0.03439083219737375,0.030287463217686394,60.847189231987315,14.457400176816407,16.028938545076272,-1.5715383682598656,1,0.0,0.0,0.0,0.0,,,,,,,,,,,,
JIOFIN,EQ,2024-04-01,353.75,357.0,364.2,355.6,357.9,356.95,358.96,23644472.0,8487485998.45,184560,9887050.0,41.82,0.0,0.0,0.0,0.0,0.00904593639575979,0.15780084333441446,0.532303069328182,0.570046184297339,0.03437577826932805,0.030123230885459398,59.450594505945055,14.443302980357373,15.711811432132492,-1.2685084517751193,1,0.0,0.0,0.0,0.0,,,,,,,,,,,,
JIOFIN,EQ,2024-04-02,356.95,359.0,362.85,356.5,357.95,357.1,359.04,29684726.0,10658125059.05,177541,16247259.0,54.73,0.0,0.0,0.0,0.0,0.0004202269225381805,0.1519354838709679,0.5224898742272437,0.5867584981115308,0.034265579018335386,0.030081952721901187,50.722471350274056,14.279627934922416,15.425374732690479,-1.1457467977680622,1,0.0,0.0,0.0,0.0,,,,,,,,,,,,
JIOFIN,EQ,2024-04-03,357.1,356.5,359.8,353.2,357.0,357.1,356.65,17920490.0,6391343231.25,140410,6460171.0,36.05,0.0,0.0,0.0,0.0,0.0,0.12330921673482242,0.5173146377735289,0.5445501730103808,0.034309888258951454,0.030087496997970104,47.47742963356346,13.98866169778762,15.138032125709909,-1.149370427922289,1,0.0,0.0,0.0,0.0,,,,,,,,,,,,
JIOFIN,EQ,2024-04-04,357.1,359.4,367.8,358.0,362.2,361.3,362.67,33926426.0,12304097378.45,212104,11315136.0,33.35,0.0,0.0,0.0,0.0,0.01176141136936426,0.10068545316070066,0.5407249466950961,0.5613656006914434,0.034132608989633766,0.030079784518814018,75.57959814528593,13.936324484103295,14.897690597388587,-0.9613661132852922,1,0.0,0.0,0.0,0.0,,,,,,,,,,,,
JIOFIN,EQ,2024-04-05,361.3,361.0,374.85,359.05,373.0,373.2,369.34,46979676.0,17351339873.25,296698,14310509.0,30.46,0.0,0.0,0.0,0.0,0.03293661776916679,0.15685058896466209,0.5459817729908865,0.6612508346316492,0.03420319192262575,0.03015665550532701,76.22272385252066,14.68578878125544,14.855310234161959,-0.169521452906519,1,0.0,0.0,0.0,0.0,,,,,,,,,,,,
JIOFIN,EQ,2024-04-08,373.2,376.0,378.7,367.55,369.35,369.25,372.68,32853747.0,12243873657.55,248246,14950148.0,45.51,0.0,0.0,0.0,0.0,-0.010584137191854248,0.1478085172520982,0.5154935358095629,0.6381987577639752,0.03372731206377486,0.030199410423035356,69.140625,14.79051677724351,14.842351542778271,-0.05183476553476041,1,0.0,0.0,0.0,0.0,,,,,,,,,,,,
JIOFIN,EQ,2024-04-09,369.25,371.0,374.7,365.4,368.0,367.7,370.4,23367026.0,8655144476.55,170973,8737901.0,37.39,0.0,0.0,0.0,0.0,-0.004197698036560671,0.12670445840355438,0.5169141914191417,0.6334962239004887,0.028535780250027783,0.030208643375329396,63.116883116883095,14.580369004559032,14.789955035134424,-0.2095860305753927,1,0.0,0.0,0.0,0.0,,,,,,,,,,,,
JIOFIN,EQ,2024-04-10,367.7,369.65,372.4,367.55,370.95,370.45,369.96,16540320.0,6119205561.95,142554,6992948.0,42.28,0.0,0.0,0.0,0.0,0.007478923035082907,0.10946391135070388,0.5298368779682014,0.6865467789665376,0.028236438477616903,0.030194096181776774,64.35146443514643,14.468938481748523,14.725751724457245,-0.25681324270872175,1,0.0,0.0,0.0,0.0,,,,,,,,,,,,
JIOFIN,EQ,2024-04-12,370.45,370.15,378.85,368.2,372.7,372.2,373.72,32481005.0,12138778962.4,244092,10911241.0,33.59,0.0,0.0,0.0,0.0,0.004723984343366183,0.046534514269647165,0.5447188213322267,0.6906654553713376,0.02754683691263526,0.030096594687310553,87.96498905908096,14.356348317361437,14.651871043038085,-0.2955227256766477,1,0.0,0.0,0.0,0.0,,,,,,,,,,,,
JIOFIN,EQ,2024-04-15,372.2,362.0,362.95,351.0,355.2,354.3,356.34,46281481.0,16492014034.0,456323,22040884.0,47.62,0.0,0.0,0.0,0.0,-0.048092423428264364,-0.020864999309106014,0.4084675014907573,0.5739671257219014,0.02844478725642233,0.03059087977585297,62.50000000000002,12.67661131315657,14.256819097061783,-1.5802077839052124,1,0.0,0.0,0.0,0.0,,,,,,,,,,,,
JIOFIN,EQ,2024-04-16,354.3,364.9,371.95,360.1,362.7,361.85,365.44,48921026.0,17877590074.2,409066,16084248.0,32.88,0.0,0.0,0.0,0.0,0.021309624611910882,0.10252894576477778,0.418741423250343,0.6071507883633134,0.02859950457362841,0.030199240601195106,63.437500000000036,11.81839444304552,13.769134166258532,-1.9507397232130117,1,0.0,0.0,0.0,0.0,,,,,,,,,,,,
JIOFIN,EQ,2024-04-18,361.85,369.15,384.4,367.0,379.95,378.4,379.83,75356224.0,28622221858.25,499870,26040396.0,34.56,0.0,0.0,0.0,0.0,0.045737183915987245,0.1183685532732377,0.4185567010309277,0.6851480739256288,0.029315791640944316,0.03047099809785913,70.39848197343454,12.33154767081561,13.481616867169947,-1.1500691963543375,1,0.0,0.0,0.0,0.0,,,,,,,,,,,,
JIOFIN,EQ,2024-04-19,378.4,378.0,378.1,368.65,370.0,370.1,372.48,39515729.0,14718674445.0,338568,17024797.0,43.08,0.0,0.0,0.0,0.0,-0.021934460887949148,0.07353154459753442,0.48724131002612037,0.6463523131672597,0.02931763073487933,0.030602557147852715,61.71497584541066,11.93095207809057,13.171483909354073,-1.2405318312635032,1,0.0,0.0,0.0,0.0,,,,,,,,,,,,
JIOFIN,EQ,2024-04-22,370.1,378.0,384.85,375.25,383.0,382.7,381.42,48640726.0,18552352204.85,337794,18742190.0,38.53,0.0,0.0,0.0,0.0,0.03404485274250191,0.08551978442774066,0.5778190063904349,0.7320660782982575,0.02950572342543864,0.030642539374239552,65.67406605305902,12.48625807150438,13.034438741784136,-0.5481806702797556,1,0.0,0.0,0.0,0.0,,,,,,,,,,,,
JIOFIN,EQ,2024-04-23,382.7,387.0,394.7,385.0,387.6,387.95,389.96,35550933.0,13863340411.4,262501,13072495.0,36.77,0.0,0.0,0.0,0.0,0.013718317219754361,0.09807529012170946,0.5948612538540596,0.7960648148148148,0.029487361798851083,0.03065490715788078,66.41949152542375,13.197836749290047,13.067118343285319,0.1307184060047284,1,0.0,0.0,0.0,0.0,,,,,,,,,,,,
JIOFIN,EQ,2024-04-24,387.95,390.7,391.5,379.5,383.0,381.85,383.68,27660953.0,10612947475.6,239829,13373829.0,48.35,0.0,0.0,0.0,0.0,-0.01572367573140865,0.13140740740740742,0.5506598984771574,0.7826797385620916,0.029727155117032108,0.030612815563296113,62.331838565022444,13.118329026765593,13.077360479981374,0.04096854678421913,1,0.0,0.0,0.0,0.0,,,,,,,,,,,,
JIOFIN,EQ,2024-04-25,381.85,381.85,387.35,380.25,382.5,382.3,383.72,17043110.0,6539798534.1,146755,7865872.0,46.15,0.0,0.0,0.0,0.0,0.001178473222469556,0.12872748745202256,0.5512274294988844,0.7847805788982261,0.029552496932246673,0.030601733788215457,62.50000000000002,12.942437460380177,13.050375876061135,-0.10793841568095885,1,0.0,0.0,0.0,0.0,,,,,,,,,,,,
JIOFIN,EQ,2024-04-26,382.3,384.3,384.85,380.55,382.0,381.75,382.18,14131318.0,5400646328.55,156663,7292188.0,51.60,0.0,0.0,0.0,0.0,-0.0014386607376406513,0.10764543740026111,0.5879783693843594,0.8477734753146178,0.02729018156114339,0.030590894530269568,60.52496139989709,12.613263868934268,12.962953474635762,-0.349689605701494,1,0.0,0.0,0.0,0.0,,,,,,,,,,,,
JIOFIN,EQ,2024-04-29,381.75,383.6,384.75,378.05,380.9,380.5,380.56,16136167.0,6140822351.9,192203,8842472.0,54.80,0.0,0.0,0.0,0.0,-0.0032743942370661028,0.09923443593817716,0.5870698644421273,0.8106114679990482,0.027167175100569867,0.030588472965548428,54.21965317919077,12.111908332970245,12.79274444630266,-0.6808361133324148,1,0.0,0.0,0.0,0.0,,,,,,,,,,,,
JIOFIN,EQ,2024-04-30,380.5,380.5,383.8,375.5,375.75,377.0,379.46,16844939.0,6391944497.65,211494,9369406.0,55.62,0.0,0.0,0.0,0.0,-0.009198423127463884,0.07499287140005717,0.5718157181571817,0.7465832754227473,0.020564229673647075,0.030624148848553214,54.50319581638583,11.301878687038709,12.49457129444987,-1.1926926074111606,1,0.0,0.0,0.0,0.0,,,,,,,,,,,,
JIOFIN,EQ,2024-05-02,377.0,377.0,381.35,372.5,379.95,379.65,376.67,19658857.0,7404967604.3,203476,8295182.0,42.20,0.0,0.0,0.0,0.0,0.007029177718832935,0.07321554770318017,0.5125498007968126,0.7032301480484522,0.019973123798600625,0.030592248168850825,56.85599541021229,10.74983974863602,12.1456249852871,-1.3957852366510792,1,0.0,0.0,0.0,0.0,,,,,,,,,,,,
JIOFIN,EQ,2024-05-03,379.65,380.55,385.85,374.35,375.8,375.9,379.64,21862922.0,8300104583.4,204926,10222883.0,46.76,0.0,0.0,0.0,0.0,-0.009877518767285709,0.05308866788065547,0.5175615664109809,0.7164383561643834,0.01992541245901117,0.03045154782628502,53.09132161089053,9.895680013435822,11.695635990916845,-1.799955977481023,1,0.0,0.0,0.0,0.0,,,,,,,,,,,,
JIOFIN,EQ,2024-05-06,375.9,378.1,378.9,367.8,371.0,370.25,371.92,13990739.0,5203416069.4,200081,6660115.0,47.60,0.0,0.0,0.0,0.0,-0.015030593242883694,0.03682441893027155,0.4914400805639476,0.6906392694063928,0.019837604040495876,0.03045756362276952,48.940793047256925,8.662983012769644,11.089105395287406,-2.4261223825177627,1,0.0,0.0,0.0,0.0,,,,,,,,,,,,
JIOFIN,EQ,2024-05-07,370.25,370.25,370.7,353.6,356.9,356.25,358.81,29499389.0,10584674399.7,416357,16679127.0,56.54,0.0,0.0,0.0,0.0,-0.03781228899392297,-0.002380285634276169,0.41145007923930277,0.6368022053756031,0.02111565073877218,0.030776893302311977,51.10606920022688,6.4816621944384565,10.167616755117617,-3.6859545606791606,1,0.0,0.0,0.0,0.0,,,,,,,,,,,,
JIOFIN,EQ,2024-05-08,356.25,355.0,363.8,352.1,355.5,355.2,358.33,20022506.0,7174661345.9,219780,9326948.0,46.58,0.0,0.0,0.0,0.0,-0.0029473684210526985,-0.016883476335455394,0.3995271867612291,0.6342305037957212,0.019333304038745065,0.03075426889539339,45.92774035517449,4.6150243772907515,9.057098279552244,-4.442073902261493,1,0.0,0.0,0.0,0.0,,,,,,,,,,,,
JIOFIN,EQ,2024-05-09,355.2,357.0,359.25,344.6,345.8,345.4,349.94,23209803.0,8122047466.95,316353,12294190.0,52.97,0.0,0.0,0.0,0.0,-0.02759009009009017,-0.07449088960342987,0.19474230370114132,0.576808947728829,0.020063055714491365,0.030935557522860768,27.970627503337752,2.318199598872525,7.709318543416301,-5.391118944543776,1,0.0,0.0,0.0,0.0,,,,,,,,,,,,
JIOFIN,EQ,2024-05-10,345.4,346.4,349.0,336.8,347.45,347.85,343.66,24450324.0,8402656579.4,313925,8551265.0,34.97,0.0,0.0,0.0,0.0,0.007093225246091572,-0.05795531482735272,0.28381620225133797,0.6018880957863229,0.019852106729238837,0.030925881373714423,33.88848660391021,0.6877163724893762,6.304998109230916,-5.61728173674154,1,0.0,0.0,0.0,0.0,,,,,,,,,,,,
JIOFIN,EQ,2024-05-13,347.85,347.85,347.9,335.4,341.95,341.35,340.71,20674537.0,7043991274.45,269503,9173449.0,44.37,0.0,0.0,0.0,0.0,-0.018686215322696542,-0.07166168071797652,0.2713221601489759,0.5715930018416209,0.020141405876988417,0.031018341702903456,17.156473391580633,-1.1160834928819554,4.820781788808342,-5.936865281690298,1,0.0,0.0,0.0,0.0,,,,,,,,,,,,
JIOFIN,EQ,2024-05-14,341.35,344.0,353.7,342.2,353.4,352.45,349.43,19646171.0,6864974640.4,221550,7756920.0,39.48,0.0,0.0,0.0,0.0,0.032517943459791976,-0.048589553246052075,0.3411339421613393,0.6458090123745037,0.020883219732540377,0.03115580857774074,24.20058139534882,-1.6311280199633416,3.530399827054006,-5.161527847017347,1,0.0,0.0,0.0,0.0,,,,,,,,,,,,
JIOFIN,EQ,2024-05-15,352.45,354.05,358.8,351.3,354.5,353.85,355.02,16860136.0,5985670917.85,163422,7132300.0,42.30,0.0,0.0,0.0,0.0,0.003972194637537285,-0.04930145083288551,0.2961538461538462,0.6446665117359982,0.020836073022824964,0.031155541505198153,28.159126365054618,-1.9043836691585625,2.4434431278114923,-4.347826796970055,1,0.0,0.0,0.0,0.0,,,,,,,,,,,,
JIOFIN,EQ,2024-05-16,353.85,356.4,359.15,352.4,355.0,355.05,355.3,12290684.0,4366828102.7,120908,5585291.0,45.44,0.0,0.0,0.0,0.0,0.003391267486222871,0.0021168501270110163,0.30797568613004245,0.5996846136517235,0.02077897037686949,0.031142499943167708,28.98997686969932,-2.0010439792783927,1.5545457063935153,-3.555589685671908,1,0.0,0.0,0.0,0.0,,,,,,,,,,,,
JIOFIN,EQ,2024-05-17,355.05,357.0,358.4,355.0,357.85,357.2,356.82,8815474.0,3145580045.4,100539,4557680.0,51.70,0.0,0.0,0.0,0.0,0.006055485142937522,-0.012850628713555468,0.30962419798350127,0.5836843272001773,0.020808062738829784,0.031034576375562915,31.52746425884122,-1.8824610999788547,0.8671443451190413,-2.749605445097896,1,0.0,0.0,0.0,0.0,,,,,,,,,,,,
JIOFIN,EQ,2024-05-18,357.2,358.0,363.7,357.7,362.2,362.2,361.74,4311952.0,1559798927.85,45083,2502801.0,58.04,0.0,0.0,0.0,0.0,0.01399776035834277,-0.042811839323467216,0.3267399267399267,0.6115684093437153,0.020959379805703407,0.031046091215300182,36.96581196581196,-1.3692413387044553,0.41986720835434205,-1.7891085470587973,1,0.0,0.0,0.0,0.0,,,,,,,,,,,,
JIOFIN,EQ,2024-05-21,362.2,361.0,362.2,355.75,357.8,357.75,358.67,11792817.0,4229694428.05,141506,6347661.0,53.83,0.0,0.0,0.0,0.0,-0.012286029817780153,-0.03336935963253185,0.3054187192118225,0.5960294445683694,0.02098100192826879,0.031081168223282274,36.4722417427969,-1.3065279492307127,0.0745881768373311,-1.3811161260680438,1,0.0,0.0,0.0,0.0,,,,,,,,,,,,
JIOFIN,EQ,2024-05-22,357.75,359.0,360.7,355.2,357.4,357.65,358.24,12042414.0,4314123760.9,126980,5714170.0,47.45,0.0,0.0,0.0,0.0,-0.0002795248078267809,-0.06545597073425657,0.31537329900698796,0.5758977748402732,0.02003154850604868,0.031079683150223178,33.96501457725948,-1.250481527856948,-0.19042576410152473,-1.0600557637554233,1,0.0,0.0,0.0,0.0,,,,,,,,,,,,
JIOFIN,EQ,2024-05-23,357.65,357.65,376.0,357.4,367.9,367.75,367.62,37524603.0,13794933145.4,272316,15312839.0,40.81,0.0,0.0,0.0,0.0,0.02823989934293314,-0.05206856553679595,0.34215328467153294,0.665534420289855,0.0206505007104978,0.031159327442375758,44.56304202801869,-0.386622006520156,-0.229665012585251,-0.156956993934905,1,0.0,0.0,0.0,0.0,,,,,,,,,,,,
JIOFIN,EQ,2024-05-24,367.75,368.5,370.7,364.2,365.25,365.4,366.97,18501102.0,6789360870.4,158447,8506137.0,45.98,0.0,0.0,0.0,0.0,-0.006390210740992552,-0.043079743354720534,0.2971246006389776,0.6955916473317865,0.0206699980955798,0.030905770857063444,46.61549197487787,0.10713257010007737,-0.16230549604818534,0.2694380661482627,1,0.0,0.0,0.0,0.0,,,,,,,,,,,,
JIOFIN,EQ,2024-05-27,365.4,368.0,368.6,359.15,360.0,360.05,361.96,15955078.0,5775038305.6,179161,8698754.0,54.52,0.0,0.0,0.0,0.0,-0.014641488779419731,-0.05820036620455138,0.24112375043088585,0.635104450499546,0.020788123111937604,0.030955840778866033,53.01587301587303,0.0659758130919954,-0.11664923422014921,0.18262504731214463,1,0.0,0.0,0.0,0.0,,,,,,,,,,,,
JIOFIN,EQ,2024-05-28,360.05,361.0,363.75,355.25,356.9,356.85,358.03,9228162.0,3303918125.65,111107,4152938.0,45.00,0.0,0.0,0.0,0.0,-0.008887654492431563,-0.06522593320235748,0.1783060921248143,0.6081568273997298,0.0208132869832201,0.0306664254218541,51.26630851880279,-0.22229202573873863,-0.1377777925238671,-0.08451423321487153,1,0.0,0.0,0.0,0.0,,,,,,,,,,,,
JIOFIN,EQ,2024-05-29,356.85,355.0,356.15,348.1,349.6,349.2,351.0,15141731.0,5314784769.35,174529,9264933.0,61.19,0.0,0.0,0.0,0.0,-0.021437578814628044,-0.08226018396846257,0.04566551879023817,0.5783050847457627,0.019252609898154617,0.029848705039093468,53.01587301587303,-1.0558660644153974,-0.3213954469021732,-0.7344706175132243,1,0.0,0.0,0.0,0.0,,,,,,,,,,,,
JIOFIN,EQ,2024-05-30,349.2,348.75,351.5,346.5,348.0,347.75,348.92,9873346.0,3445045175.85,124739,5025856.0,50.90,0.0,0.0,0.0,0.0,-0.004152348224513158,-0.07758620689655171,0.06086028065893845,0.5353200883002207,0.01882333935319667,0.02969650657602849,49.91935483870965,-1.8125879914194343,-0.6196339558056254,-1.1929540356138089,1,0.0,0.0,0.0,0.0,,,,,,,,,,,,
JIOFIN,EQ,2024-05-31,347.75,355.05,357.9,342.1,345.0,344.35,345.92,34213953.0,11835220098.4,309177,18780726.0,54.89,0.0,0.0,0.0,0.0,-0.009777138749101355,-0.09298037666271552,0.0811616954474097,0.5213165451734041,0.016658951483421898,0.02973392041940331,52.54668930390493,-2.656030093870811,-1.0269131834186624,-1.6291169104521486,1,0.0,0.0,0.0,0.0,,,,,,,,,,,,
JIOFIN,EQ,2024-06-03,344.35,368.0,368.0,353.8,356.75,356.1,356.55,24058623.0,8578042999.45,272837,13392202.0,55.66,0.0,0.0,0.0,0.0,0.03412225932917079,-0.052673583399840296,0.15504378851767764,0.5753151957531519,0.017580727368437743,0.029888386644345007,53.064651553316565,-2.349256469365571,-1.2913818406080442,-1.0578746287575267,1,0.0,0.0,0.0,0.0,,,,,,,,,,,,
JIOFIN,EQ,2024-06-04,356.1,358.0,358.0,307.3,337.9,332.95,336.41,59211461.0,19919379804.85,766035,26954969.0,45.52,0.0,0.0,0.0,0.0,-0.06500982869980354,-0.10074274139095207,0.07403225806451608,0.4513949433304272,0.01989502936441321,0.03077285904567229,37.146371463714615,-3.928858256783201,-1.8188771238430756,-2.109981132940125,0,0.0,0.0,0.0,0.0,,,,,,,,,,,,
JIOFIN,EQ,2024-06-05,332.95,339.0,347.9,327.0,347.3,345.6,341.84,24785002.0,8472437904.6,276658,9486488.0,38.28,0.0,0.0,0.0,0.0,0.03799369274665887,-0.029894736842105196,0.08713431896822921,0.5325942350332595,0.021115187331818813,0.030831411645277373,44.9056603773585,-4.1125478821755905,-2.2776112755095785,-1.834936606666012,0,0.0,0.0,0.0,0.0,,,,,,,,,,,,
JIOFIN,EQ,2024-06-06,345.6,350.0,352.8,348.05,350.0,349.4,349.93,16246617.0,5685180154.6,229508,8592261.0,52.89,0.0,0.0,0.0,0.0,0.010995370370370239,-0.016328828828828912,0.06443259710586435,0.5184702303346371,0.021150887171333847,0.03082924569698765,45.86864406779661,-3.906463709680395,-2.603381762343742,-1.3030819473366528,0,0.0,0.0,0.0,0.0,,,,,,,,,,,,
JIOFIN,EQ,2024-06-07,349.4,349.7,355.35,347.0,354.15,353.15,351.95,22668347.0,7978122416.0,255281,11197257.0,49.40,0.0,0.0,0.0,0.0,0.010732684602175135,0.022437753329473065,0.09469931804091747,0.4562886597938143,0.02128340186141164,0.030832485823283042,45.14224369296832,-3.4013383470738177,-2.7629730792897575,-0.6383652677840601,0,0.0,0.0,0.0,0.0,,,,,,,,,,,,
JIOFIN,EQ,2024-06-10,353.15,355.25,357.35,348.7,350.95,350.35,352.99,15670416.0,5531506677.55,138646,8632557.0,55.09,0.0,0.0,0.0,0.0,-0.007928642220019655,0.007187005893344756,0.08905812869132745,0.41813398097551113,0.021306062743178655,0.030537360382240693,45.956284153005484,-3.1901849906490725,-2.8484154615616206,-0.34176952908745184,0,0.0,0.0,0.0,0.0,,,,,,,,,,,,
JIOFIN,EQ,2024-06-11,350.35,351.75,354.5,349.55,350.4,350.25,351.97,12762033.0,4491875273.25,109459,7020685.0,55.01,0.0,0.0,0.0,0.0,-0.00028542885685745034,0.026072945656950175,0.07323425769878966,0.40577965081276335,0.021309960520908024,0.030485478999467713,45.956284153005484,-2.9963732727590013,-2.878007023801097,-0.11836624895790449,0,0.0,0.0,0.0,0.0,,,,,,,,,,,,
JIOFIN,EQ,2024-06-12,350.25,351.95,363.5,351.55,363.2,360.95,357.18,29997548.0,10714640895.15,258141,14605784.0,48.69,0.0,0.0,0.0,0.0,0.030549607423268954,0.024116896013618883,0.08101227912548681,0.47778915046059356,0.022102361592999997,0.030609675019491245,46.30836047774157,-1.956818527714006,-2.6937693245836787,0.7369507968696727,1,0.0,0.0,0.0,0.0,,,,,,,,,,,,
JIOFIN,EQ,2024-06-13,360.95,365.0,366.4,358.2,361.4,360.8,362.11,27424843.0,9930891420.6,202808,13051656.0,47.59,0.0,0.0,0.0,0.0,-0.0004155700235488613,0.019641090857708043,0.01448052860958815,0.46905537459283386,0.022048381176915197,0.030586884884156746,47.441601779755295,-1.1320184450979696,-2.3814191486865366,1.249400703588567,1,0.0,0.0,0.0,0.0,,,,,,,,,,,,
JIOFIN,EQ,2024-06-14,360.8,362.0,362.75,356.1,357.95,357.0,358.29,19858187.0,7114982960.95,157173,12080123.0,60.83,0.0,0.0,0.0,0.0,-0.010532150776053295,0.005492184199408445,-0.013403343927041678,0.4840989399293285,0.022057322191054843,0.030627237518697344,48.273910582908876,-0.7760409621925533,-2.0603435113877397,1.2843025491951865,1,0.0,0.0,0.0,0.0,,,,,,,,,,,,
JIOFIN,EQ,2024-06-18,357.0,358.75,365.0,357.6,363.25,363.2,362.79,22666205.0,8223081877.05,184337,11141051.0,49.15,0.0,0.0,0.0,0.0,0.017366946778711423,0.016797312430011146,0.10664229128580138,0.5149113660062565,0.022163890065977337,0.027089582111126477,53.47564313081553,0.006289441362298476,-1.6470169208377323,1.6533063622000308,1,0.0,0.0,0.0,0.0,,,,,,,,,,,,
JIOFIN,EQ,2024-06-19,363.2,363.95,363.95,357.05,358.7,358.3,359.81,15717813.0,5655412620.65,156043,7320277.0,46.57,0.0,0.0,0.0,0.0,-0.013491189427312755,-0.010767531750414117,0.05896261267917824,0.5016764459346188,0.021170845243456828,0.026231410156705798,55.135440180586926,0.22827150179580258,-1.2719592363110255,1.500230738106828,1,0.0,0.0,0.0,0.0,,,,,,,,,,,,
JIOFIN,EQ,2024-06-20,358.3,358.9,368.3,358.0,365.5,365.55,364.45,33575312.0,12236421706.05,217632,14327018.0,42.67,0.0,0.0,0.0,0.0,0.02023444041306166,0.02180293501048225,0.06033357505438719,0.5381864085840522,0.021465107941844735,0.026256276493274406,59.42796610169493,0.9779352642231629,-0.8219803362041878,1.7999156004273507,1,0.0,0.0,0.0,0.0,,,,,,,,,,,,
JIOFIN,EQ,2024-06-21,365.55,366.0,366.8,359.15,360.7,360.9,362.64,21075778.0,7642926137.75,212016,12397957.0,58.83,0.0,0.0,0.0,0.0,-0.0127205580631925,0.009087096323221022,0.02368458374698612,0.5028107432854465,0.020943142385979774,0.02618044368302611,58.65133298484055,1.1831939354785845,-0.42094548186763325,1.6041394173462178,1,0.0,0.0,0.0,0.0,,,,,,,,,,,,
JIOFIN,EQ,2024-06-24,360.9,356.0,356.4,352.3,355.9,355.35,354.98,16858520.0,5984503380.15,162851,9106995.0,54.02,0.0,0.0,0.0,0.0,-0.015378221113881874,-0.033718558803534915,0.005802434191904959,0.4911875786823332,0.02114367992425926,0.02599023070364724,49.580771380659584,0.8877903994482494,-0.15919830560445675,1.0469887050527062,1,0.0,0.0,0.0,0.0,,,,,,,,,,,,
JIOFIN,EQ,2024-06-25,355.35,356.95,362.5,356.25,358.95,359.05,359.24,13212387.0,4746410393.9,113911,6047965.0,45.77,0.0,0.0,0.0,0.0,0.010412269593358614,-0.0173782156540776,0.06385185185185183,0.546962516156829,0.020878592344793164,0.025983347651264293,68.6428571428572,0.9413883082625603,0.060919017168946654,0.8804692910936136,1,0.0,0.0,0.0,0.0,,,,,,,,,,,,
JIOFIN,EQ,2024-06-26,359.05,358.95,359.7,353.15,355.65,356.25,355.65,27206818.0,9675972563.15,174159,14195661.0,52.18,0.0,0.0,0.0,0.0,-0.007798356774822435,-0.01055408970976257,0.05181576616474759,0.49684873949579833,0.020123658355947573,0.026009901107329838,58.85286783042394,0.7492910766127352,0.19859342905770436,0.5506976475550308,1,0.0,0.0,0.0,0.0,,,,,,,,,,,,
JIOFIN,EQ,2024-06-27,356.25,356.25,358.4,348.0,353.35,353.6,353.86,18689181.0,6613371855.9,168103,10107295.0,54.08,0.0,0.0,0.0,0.0,-0.007438596491228022,-0.00910746812386154,0.02596837371246208,0.493558606124604,0.020164640264653075,0.026033426289054945,53.559322033898354,0.3788526064983557,0.23464526454583465,0.14420734195252108,1,0.0,0.0,0.0,0.0,,,,,,,,,,,,
JIOFIN,EQ,2024-06-28,353.6,357.0,362.0,355.4,357.95,358.15,358.43,23411225.0,8391344731.25,210998,10335435.0,44.15,0.0,0.0,0.0,0.0,0.012867647058823373,0.025630011454753632,0.034667051856131836,0.5259906263314871,0.020290595659309553,0.026053250614264018,54.18060200668897,0.4472685902377975,0.27716992968422727,0.17009866055357026,1,0.0,0.0,0.0,0.0,,,,,,,,,,,,
JIOFIN,EQ,2024-07-01,358.15,358.15,358.4,352.05,352.85,352.8,353.76,15688767.0,5550116362.0,193524,10531086.0,67.13,0.0,0.0,0.0,0.0,-0.01493787519195855,0.014521926671459351,0.005988023952095967,0.5076923076923077,0.020453410855621145,0.02609807203749146,51.96471531676023,0.06899315196824318,0.23553457414103046,-0.16654142217278728,1,0.0,0.0,0.0,0.0,,,,,,,,,,,,
JIOFIN,EQ,2024-07-02,352.8,353.2,355.45,350.0,350.85,351.0,352.4,12146516.0,4280467328.2,151044,6622928.0,54.53,0.0,0.0,0.0,0.0,-0.005102040816326592,0.019311746769275384,-0.007773851590106018,0.5041782729805013,0.020292567671592633,0.026108301130488145,50.585480093676814,-0.3717524837354631,0.11407716256573175,-0.48582964630119485,1,0.0,0.0,0.0,0.0,,,,,,,,,,,,
JIOFIN,EQ,2024-07-03,351.0,353.0,356.4,349.7,351.3,351.3,351.84,12102104.0,4258043509.2,123270,7217272.0,59.64,0.0,0.0,0.0,0.0,0.0008547008547008517,-0.01347935973041281,-0.015828547415604355,0.5080489375402448,0.020178615411882605,0.025972657571968913,41.00652376514445,-0.6888978965092178,-0.046517849249258156,-0.6423800472599597,1,0.0,0.0,0.0,0.0,,,,,,,,,,,,
JIOFIN,EQ,2024-07-04,351.3,352.0,356.85,350.3,351.2,350.85,352.92,11944846.0,4215608337.7,124914,6060707.0,50.74,0.0,0.0,0.0,0.0,-0.001280956447480719,0.05376182610001523,-0.01750210025203025,0.49584310381581753,0.020179224155515277,0.025815412306474134,40.7784986098239,-0.9654203948759914,-0.23029835837460483,-0.7351220365013866,1,0.0,0.0,0.0,0.0,,,,,,,,,,,,
JIOFIN,EQ,2024-07-05,350.85,350.85,354.8,349.1,353.0,352.75,351.15,15513571.0,5447532583.5,144289,8021127.0,51.70,0.0,0.0,0.0,0.0,0.005415419695026236,0.02068865740740744,-0.012181461775413127,0.49883152751221593,0.019478688940697535,0.02543604313059855,45.91738712776176,-1.0195001825437089,-0.3881387232084257,-0.6313614593352832,1,0.0,0.0,0.0,0.0,,,,,,,,,,,,
JIOFIN,EQ,2024-07-08,352.75,353.0,353.55,347.2,348.5,348.3,350.28,11525948.0,4037301982.05,147862,7180743.0,62.30,0.0,0.0,0.0,0.0,-0.012615166548547108,-0.00314825414997133,-0.03598117907556042,0.4852878464818764,0.01956880980923145,0.023105314895589635,35.188866799204746,-1.4052379058441034,-0.5915585597355613,-0.8136793461085421,0,0.0,0.0,0.0,0.0,,,,,,,,,,,,
JIOFIN,EQ,2024-07-09,348.3,349.1,353.7,348.55,349.5,349.85,351.05,8908509.0,3127363816.7,106222,4382740.0,49.20,0.0,0.0,0.0,0.0,0.004450186620729379,-0.009344471187880399,-0.06256698821007489,0.4492543496271748,0.019433629600830928,0.023017920793108274,41.00106496272629,-1.567793239987168,-0.7868054957858827,-0.7809877442012852,0,0.0,0.0,0.0,0.0,,,,,,,,,,,,
JIOFIN,EQ,2024-07-10,349.85,350.4,350.9,344.1,348.0,347.95,348.23,11556794.0,4024364595.9,121295,6727870.0,58.22,0.0,0.0,0.0,0.0,-0.0054308989566957955,-0.006850292564578364,-0.057684495599187535,0.42807305561255893,0.01939406580378396,0.02281527408696843,28.84615384615377,-1.8288517697005773,-0.9952147505688217,-0.8336370191317556,0,0.0,0.0,0.0,0.0,,,,,,,,,,,,
JIOFIN,EQ,2024-07-11,347.95,349.5,351.35,347.0,348.2,348.05,348.32,8045640.0,2802491269.0,107885,4900911.0,60.91,0.0,0.0,0.0,0.0,0.00028739761459983804,-0.006281227694503899,-0.05344030459613813,0.4358498349834983,0.018992857439124208,0.022538424861651064,32.65856950067476,-2.004565982214501,-1.1970849968979578,-0.8074809853165434,0,0.0,0.0,0.0,0.0,,,,,,,,,,,,
JIOFIN,EQ,2024-07-12,348.05,354.5,356.4,350.0,350.8,350.35,352.21,16327807.0,5750817858.9,148870,8448328.0,51.74,0.0,0.0,0.0,0.0,0.006608245941674973,-0.029366948330793674,-0.05425833445809147,0.44683047697708034,0.01901203949410412,0.022540853332506078,42.60355029585797,-1.9359139722785699,-1.3448507919740802,-0.5910631803044897,0,0.0,0.0,0.0,0.0,,,,,,,,,,,,
JIOFIN,EQ,2024-07-15,350.35,354.3,356.7,351.7,355.7,355.4,353.94,15488346.0,5481989499.05,134397,8829657.0,57.01,0.0,0.0,0.0,0.0,0.01441415727129991,-0.014966740576496718,-0.0451370231058571,0.4749948122017016,0.01907732011578636,0.022439117598732766,44.80796586059738,-1.457216084467973,-1.3673238504728586,-0.08989223399511426,0,0.0,0.0,0.0,0.0,,,,,,,,,,,,
JIOFIN,EQ,2024-07-16,355.4,350.0,350.35,343.1,344.8,344.25,346.52,25005251.0,8664849584.4,298259,15877135.0,63.50,-0.8316348195075989,-0.8316348195075989,0.0,1.0,-0.03137310073156996,-0.0357142857142857,-0.02836579170194753,0.368515205724508,0.018930568413524144,0.022456541118845715,36.2068965517241,-1.9550201201209916,-1.4848631044024854,-0.4701570157185062,0,-0.27721160650253296,-0.16632696390151977,0.0,1.0,,,,,,,,,,,,
JIOFIN,EQ,2024-07-18,344.25,345.6,346.15,336.0,337.0,337.0,338.38,25188963.0,8523366848.1,368889,17331402.0,68.81,0.0,0.0,0.0,0.0,-0.021060275962236696,-0.0721365638766519,-0.0686748652756668,0.32130954714761795,0.015119256770897158,0.02249481340317014,32.7442827442827,-2.9011056737509193,-1.7681116182721723,-1.132994055478747,0,-0.27721160650253296,-0.16632696390151977,-0.8316348195075989,1.0,,,,,,,,,,,,
JIOFIN,EQ,2024-07-19,337.0,337.05,342.0,332.05,338.15,338.75,337.24,15349322.0,5176398202.4,201523,6828590.0,44.49,0.0,0.0,0.0,0.0,0.005192878338278861,-0.05456321518280771,-0.10478329809725151,0.26991565135895024,0.013404077901582432,0.02249648182650627,28.587196467991177,-3.4696786211960102,-2.10842501885694,-1.3612536023390702,0,-0.27721160650253296,-0.16632696390151977,0.0,1.0,,,,,,,,,,,,
JIOFIN,EQ,2024-07-22,338.75,338.75,343.0,334.3,341.0,340.95,339.66,12279130.0,4170763546.55,158860,5582663.0,45.46,0.0,0.0,0.0,0.0,0.006494464944649447,-0.06729585556011497,-0.07876249662253454,0.3701024713682941,0.013294789344301212,0.022457919693265785,35.9430604982206,-3.7001026840524673,-2.4267605518960456,-1.2733421321564218,0,0.0,-0.16632696390151977,0.0,1.0,,,,,,,,,,,,
JIOFIN,EQ,2024-07-23,340.95,342.0,342.0,326.0,335.2,334.9,335.85,13863332.0,4655998309.45,200701,7018765.0,50.63,0.0,0.0,0.0,0.0,-0.01774453732218806,-0.07204211692989748,-0.12490201201985895,0.3807462378890949,0.013463674933023249,0.02241322372141806,32.65086206896548,-4.321089027497862,-2.805626247016409,-1.5154627804814536,0,0.0,-0.16632696390151977,0.0,1.0,,,,,,,,,,,,
JIOFIN,EQ,2024-07-24,334.9,335.25,339.0,334.6,334.95,334.7,336.15,8729363.0,2934345297.5,107342,4795083.0,54.93,0.0,0.0,0.0,0.0,-0.0005971931919975804,-0.05811172083860994,-0.13725995617992015,0.37595066803699884,0.013412775402207582,0.02132046507092511,32.07343412526994,-4.774328025610316,-3.1993666027351906,-1.5749614228751256,0,0.0,0.0,0.0,0.0,,,,,,,,,,,,
JIOFIN,EQ,2024-07-25,334.7,333.0,333.65,328.0,329.05,329.2,330.63,12201643.0,4034197139.95,149083,7145756.0,58.56,0.0,0.0,0.0,0.0,-0.016432626232447012,-0.08313605347444653,-0.13788136702893816,0.3368527918781725,0.013686245230963123,0.02130021838604363,28.919182083739003,-5.513767946916573,-3.662246871571467,-1.8515210753451061,0,0.0,0.0,0.0,0.0,,,,,,,,,,,,
JIOFIN,EQ,2024-07-26,329.2,329.85,336.65,329.55,331.95,331.9,333.2,9688122.0,3228081964.8,118918,5047330.0,52.10,0.0,0.0,0.0,0.0,0.00820170109356022,-0.0683508771929825,-0.13183363850379293,0.3467234733211604,0.01240303987913152,0.018917658949681657,30.009587727708507,-5.8148816408526045,-4.092773825427695,-1.7221078154249092,0,0.0,0.0,0.0,0.0,,,,,,,,,,,,
JIOFIN,EQ,2024-07-29,331.9,334.5,335.2,329.5,330.6,330.2,331.98,12628377.0,4192320825.0,185589,8159598.0,64.61,0.0,0.0,0.0,0.0,-0.005122024706236794,-0.06617647058823539,-0.13503601833660772,0.3735440931780365,0.01240267429947465,0.018641591781654962,31.680161943319803,-6.120143006291357,-4.498247661600428,-1.6218953446909294,0,0.0,0.0,0.0,0.0,,,,,,,,,,,,
JIOFIN,EQ,2024-07-30,330.2,331.0,331.75,329.1,329.3,329.35,330.1,8705901.0,2873802772.3,133892,5791255.0,66.52,0.0,0.0,0.0,0.0,-0.002574197456087113,-0.08041323467820738,-0.13442838370565036,0.3737226277372263,0.012318074663207779,0.01853262756476591,28.952772073921935,-6.357368942104699,-4.870071917701282,-1.487297024403417,0,0.0,0.0,0.0,0.0,,,,,,,,,,,,
JIOFIN,EQ,2024-07-31,329.35,329.35,331.25,327.5,328.2,328.5,329.25,12402209.0,4083391088.5,169681,7989148.0,64.42,0.0,0.0,0.0,0.0,-0.002580841050554228,-0.06887755102040816,-0.12864721485411146,0.3696060037523452,0.01172673939802258,0.018371483020013093,29.590766002098604,-6.538587336920216,-5.203775001545069,-1.3348123353751467,0,0.0,0.0,0.0,0.0,,,,,,,,,,,,
JIOFIN,EQ,2024-08-01,328.5,329.0,332.9,328.25,328.7,328.7,330.7,13137038.0,4344429790.7,154051,7621916.0,58.02,0.0,0.0,0.0,0.0,0.0006088280060883022,-0.0635327635327636,-0.13420255498485445,0.30956175298804767,0.011584856503152347,0.018369631570629465,29.738219895287884,-6.590099329018756,-5.481039867039806,-1.1090594619789496,0,0.0,0.0,0.0,0.0,,,,,,,,,,,,
JIOFIN,EQ,2024-08-02,328.7,325.95,328.25,324.55,326.3,326.25,326.72,7284359.0,2379934566.95,119359,4317028.0,59.26,0.0,0.0,0.0,0.0,-0.0074536051110434265,-0.07130657557643039,-0.13208300079808455,0.31711748082357705,0.010759609255546572,0.0177750729175101,24.843423799582368,-6.750798475773877,-5.73499158878662,-1.0158068869872565,0,0.0,0.0,0.0,0.0,,,,,,,,,,,,
JIOFIN,EQ,2024-08-05,326.25,317.95,322.2,315.0,317.15,317.05,317.63,16751766.0,5320784369.15,285258,8844004.0,52.79,0.0,0.0,0.0,0.0,-0.028199233716475036,-0.09633746615362693,-0.1436866981769075,0.27713997985901306,0.011547954673418404,0.018012865174645586,13.160422670509078,-7.533673323222672,-6.0947279356738315,-1.4389453875488405,0,0.0,0.0,0.0,0.0,,,,,,,,,,,,
JIOFIN,EQ,2024-08-06,317.05,317.15,322.0,310.0,312.2,311.35,317.05,12640387.0,4007668642.75,209093,6825131.0,53.99,0.0,0.0,0.0,0.0,-0.01797823687115596,-0.11736357193479796,-0.12603508771929817,0.23355784469096674,0.01164375948906201,0.018000345456390697,14.699570815450599,-8.515883835346756,-6.578959115608416,-1.9369247197383395,0,0.0,0.0,0.0,0.0,,,,,,,,,,,,
JIOFIN,EQ,2024-08-07,311.35,316.45,337.2,313.3,331.0,329.75,322.99,20755735.0,6703810523.85,193361,9556456.0,46.04,0.0,0.0,0.0,0.0,0.059097478721695795,-0.05325868504163078,-0.07164977477477474,0.2992513790386131,0.016250705720257472,0.019075045451154488,43.72294372294371,-7.72056860883032,-6.807281014252798,-0.9132875945775218,0,0.0,0.0,0.0,0.0,,,,,,,,,,,,
JIOFIN,EQ,2024-08-08,329.75,330.0,330.8,324.0,326.45,326.4,327.27,9648681.0,3157676656.2,129006,4220817.0,43.75,0.0,0.0,0.0,0.0,-0.010159211523881773,-0.06702872659711312,-0.05500868558193395,0.12902109996540978,0.016281894735352114,0.019047828417369347,39.59561920808758,-7.276711168011673,-6.9011670450045735,-0.3755441230070993,0,0.0,0.0,0.0,0.0,,,,,,,,,,,,
JIOFIN,EQ,2024-08-09,326.4,330.2,330.5,324.5,325.75,325.6,327.23,7793704.0,2550321456.15,109090,4017351.0,51.55,0.0,0.0,0.0,0.0,-0.002450980392156743,-0.06423336686305492,-0.06396435245076904,0.20169773020852566,0.016258198632480195,0.019022803706972517,36.755823986195,-6.909851792236225,-6.902903994450904,-0.006947797785320731,0,0.0,0.0,0.0,0.0,,,,,,,,,,,,
JIOFIN,EQ,2024-08-12,325.6,325.0,330.95,322.3,329.5,329.15,326.92,12463583.0,4074620952.3,135160,5877417.0,47.16,0.0,0.0,0.0,0.0,0.010902948402948365,-0.054302542738112414,-0.03574044236121299,0.22588454376163858,0.016197505052767507,0.019034543160777812,44.81514878268708,-6.260490722415227,-6.7744213400437685,0.5139306176285414,0,0.0,0.0,0.0,0.0,,,,,,,,,,,,
JIOFIN,EQ,2024-08-13,329.15,329.5,336.5,322.0,323.0,323.3,329.81,15172143.0,5003942102.0,168540,6412008.0,42.26,0.0,0.0,0.0,0.0,-0.017773051800091033,-0.07720850577993443,-0.08270676691729317,0.23021308980213084,0.01627952128553174,0.019118703927314667,40.671031096563,-6.147054092527981,-6.648947890540612,0.501893798012631,0,0.0,0.0,0.0,0.0,,,,,,,,,,,,
JIOFIN,EQ,2024-08-14,323.3,326.0,326.35,319.2,320.15,320.2,322.85,8040049.0,2595722379.65,101313,3884914.0,48.32,0.0,0.0,0.0,0.0,-0.009588617383235465,-0.09904333145751265,-0.09509679242616942,0.17289377289377295,0.016322140740084215,0.01914020435153273,42.33390119250423,-6.235420788855265,-6.566242470203543,0.3308216813482776,0,0.0,0.0,0.0,0.0,,,,,,,,,,,,
JIOFIN,EQ,2024-08-16,320.2,324.0,329.55,319.55,327.9,328.15,324.24,16446600.0,5332621025.85,170127,7057681.0,42.91,0.0,0.0,0.0,0.0,0.024828232354778157,-0.04676833696441551,-0.07576397690466141,0.20887824645422737,0.017082933691474372,0.01928731680385973,47.0680218921032,-5.5994069949367145,-6.372875375150177,0.7734683802134628,0,0.0,0.0,0.0,0.0,,,,,,,,,,,,
JIOFIN,EQ,2024-08-19,328.15,331.95,334.5,328.8,331.45,331.45,331.79,13708990.0,4548526763.85,141591,6080612.0,44.35,0.0,0.0,0.0,0.0,0.010056376657016752,-0.0164688427299704,-0.07208846584546469,0.21521539871677353,0.017227167963903067,0.01898493028078636,50.9534706331045,-4.774046820271906,-6.0531096641745235,1.2790628439026177,0,0.0,0.0,0.0,0.0,,,,,,,,,,,,
JIOFIN,EQ,2024-08-20,331.45,332.4,337.95,332.0,336.6,334.15,334.6,15772046.0,5277290180.1,124233,8200910.0,52.00,0.0,0.0,0.0,0.0,0.008146025041484428,-0.013579335793358016,-0.07744340143567097,0.22399267399267386,0.017273497178681537,0.018982890100188964,53.56083086053409,-3.8576074034231738,-5.614009212024254,1.7564018086010806,0,0.0,0.0,0.0,0.0,,,,,,,,,,,,
JIOFIN,EQ,2024-08-21,334.15,335.9,337.25,329.5,331.0,331.1,333.41,18916856.0,6307142614.35,152470,8610821.0,45.52,0.0,0.0,0.0,0.0,-0.009127637288642743,-0.02888986654934733,-0.07449336128581407,0.20817369093231175,0.01720885134796708,0.01899952815234249,51.86781609195405,-3.3389428186736154,-5.158995933354127,1.820053114680512,0,0.0,0.0,0.0,0.0,,,,,,,,,,,,
JIOFIN,EQ,2024-08-22,331.1,332.2,333.4,328.9,329.6,329.6,331.01,8368346.0,2769971879.5,76434,4903120.0,58.59,0.0,0.0,0.0,0.0,-0.0045303533675626895,-0.0158256195879366,-0.0784286313434921,0.2122103714600958,0.0171790466924633,0.018981574597053966,50.63469675599438,-3.0141891660217084,-4.730034579887644,1.715845413865936,0,0.0,0.0,0.0,0.0,,,,,,,,,,,,
JIOFIN,EQ,2024-08-23,329.6,330.0,333.7,326.7,327.05,327.15,329.71,8935180.0,2945988988.5,91253,4901422.0,54.86,0.0,0.0,0.0,0.0,-0.007433252427184622,-0.02255751419181362,-0.11040108769544532,0.19397810218978084,0.017197340989219205,0.018982782946906498,50.63469675599434,-2.9208444049294826,-4.368196544896012,1.4473521399665294,0,0.0,0.0,0.0,0.0,,,,,,,,,,,,
JIOFIN,EQ,2024-08-26,327.15,332.7,334.2,321.75,323.7,323.25,325.85,26118300.0,8510590963.25,198622,11529382.0,44.14,0.0,0.0,0.0,0.0,-0.011921137093076517,-0.01807411907654921,-0.11535303776683081,0.14749733759318429,0.01728772821177786,0.018352426741419,54.72560975609756,-3.1255361800859873,-4.119664471934008,0.9941282918480203,0,0.0,0.0,0.0,0.0,,,,,,,,,,,,
JIOFIN,EQ,2024-08-27,323.25,324.5,326.6,321.65,323.8,323.6,323.45,16600233.0,5369370358.5,125338,9358991.0,56.38,0.0,0.0,0.0,0.0,0.0010827532869297496,-0.02500753238927378,-0.1012359394528537,0.11547742157876595,0.017218641838299124,0.018201208433442976,60.16597510373446,-3.222368355150593,-3.940205248577325,0.7178368934267323,0,0.0,0.0,0.0,0.0,,,,,,,,,,,,
JIOFIN,EQ,2024-08-28,323.6,327.0,330.25,320.9,322.3,322.25,326.13,21470187.0,7002088237.4,188622,9868921.0,45.97,0.0,0.0,0.0,0.0,-0.004171817058096439,-0.02407631738340399,-0.09695950679557241,0.06405811457817401,0.016920775632868965,0.01750588939989226,41.31944444444443,-3.3692041805698523,-3.8260050349758306,0.4568008544059783,0,0.0,0.0,0.0,0.0,,,,,,,,,,,,
JIOFIN,EQ,2024-08-29,322.25,324.25,333.1,323.5,325.5,325.65,327.27,33808226.0,11064375391.05,263259,11582518.0,34.26,0.0,0.0,0.0,0.0,0.010550814584949553,-0.011234249278882835,-0.06743986254295531,-0.02485402006288373,0.01622397277372021,0.017417246028892993,49.13294797687861,-3.1746259334702245,-3.6957292146747096,0.5211032812044851,0,0.0,0.0,0.0,0.0,,,,,,,,,,,,
JIOFIN,EQ,2024-08-30,325.65,327.65,331.6,320.65,322.4,321.7,325.24,27498340.0,8943555058.1,223183,15553998.0,56.56,0.0,0.0,0.0,0.0,-0.012129586979886309,-0.02070015220700161,-0.07491013659237966,-0.018608907870652946,0.015936335953171805,0.01704129775303059,45.79741379310341,-3.3011002306603245,-3.616803417871833,0.3157031872115086,0,0.0,0.0,0.0,0.0,,,,,,,,,,,,
JIOFIN,EQ,2024-09-02,321.7,323.9,349.35,323.15,348.0,344.9,337.83,65333808.0,22072038490.7,416061,28509247.0,43.64,0.0,0.0,0.0,0.0,0.07211687907988806,0.04928506236689989,0.001597212138812143,0.082888540031397,0.020828199674316636,0.01867198035869711,61.92278576835732,-1.511858153180583,-3.1958143649335833,1.6839562117530003,0,0.0,0.0,0.0,0.0,,,,,,,,,,,,
JIOFIN,EQ,2024-09-03,344.9,351.0,355.0,342.5,348.2,350.2,348.18,65293715.0,22733997737.7,531261,21895421.0,33.53,0.0,0.0,0.0,0.0,0.015366772977674747,0.0734099616858237,-0.01656837966863245,0.1359065844956211,0.02097426432480447,0.018686636615863547,70.53435114503814,0.32999086083543716,-2.4906533197797796,2.8206441806152167,0,0.0,0.0,0.0,0.0,,,,,,,,,,,,
JIOFIN,EQ,2024-09-04,350.2,345.0,350.3,343.05,346.4,347.2,346.58,22005759.0,7626703602.05,184571,7803868.0,35.46,0.0,0.0,0.0,0.0,-0.008566533409480326,0.09509541081848272,0.04279921910196727,0.11999999999999988,0.020755719018244,0.018703331502877157,70.64220183486239,1.5299581412087946,-1.6865310275820649,3.2164891687908597,0,0.0,0.0,0.0,0.0,,,,,,,,,,,,
JIOFIN,EQ,2024-09-05,347.2,348.6,350.45,344.0,344.35,345.35,347.43,16406870.0,5700202093.05,148524,7020108.0,42.79,0.0,0.0,0.0,0.0,-0.005328341013824733,0.10920186285530753,-0.0007233796296296502,0.08634790814721627,0.020789408074841302,0.018709088721186356,64.50252951096127,2.3050896783537382,-0.8882068863949043,3.1932965647486427,1,0.0,0.0,0.0,0.0,,,,,,,,,,,,
JIOFIN,EQ,2024-09-06,345.35,345.0,345.85,336.0,337.75,336.85,338.78,17265092.0,5849122114.2,189645,7968943.0,46.16,0.0,0.0,0.0,0.0,-0.024612711741711313,0.02153146322971966,-0.03591871780194611,0.02619954303122629,0.021080899356985667,0.018873475719441812,54.18604651162793,2.208054960409129,-0.26895451703409773,2.4770094774432265,1,0.0,0.0,0.0,0.0,,,,,,,,,,,,
JIOFIN,EQ,2024-09-09,336.85,337.95,345.85,329.3,344.1,341.7,337.27,18687398.0,6302645889.85,199116,7183528.0,38.44,0.0,0.0,0.0,0.0,0.014398100044530127,0.046875,-0.03242248336400955,0.05920644761314309,0.021184246505950244,0.018924635035347092,55.663915978994766,2.4937621761458217,0.28358882160188614,2.2101733545439357,1,0.0,0.0,0.0,0.0,,,,,,,,,,,,
JIOFIN,EQ,2024-09-10,341.7,343.95,359.75,340.85,352.15,351.5,352.41,60920830.0,21469225912.4,450178,21239454.0,34.86,0.0,0.0,0.0,0.0,0.02868012876792503,0.07954545454545436,0.003282431853860457,0.09263288778364931,0.021729314981326638,0.01916287673885342,63.89645776566756,3.470954300427991,0.9210619173671071,2.5498923830608837,1,0.0,0.0,0.0,0.0,,,,,,,,,,,,
JIOFIN,EQ,2024-09-11,351.5,352.5,355.4,343.05,344.8,344.3,350.19,22779115.0,7977005739.5,208330,9854498.0,43.26,0.0,0.0,0.0,0.0,-0.020483641536273134,0.04602764696946693,-0.01698786581013556,0.055002298146161976,0.022110756718279372,0.019252506245958482,59.292035398230084,3.6226466564845623,1.4613788651905981,2.161267791293964,1,0.0,0.0,0.0,0.0,,,,,,,,,,,,
JIOFIN,EQ,2024-09-12,344.3,346.3,351.95,342.3,350.35,349.8,347.28,18880957.0,6556964151.3,171755,8527608.0,45.17,0.0,0.0,0.0,0.0,0.015974440894568787,0.08196721311475419,-0.030890705083806536,0.04761904761904767,0.022245658295409178,0.01927226978949989,63.7857577601948,4.138956660158726,1.996894424184224,2.1420622359745023,1,0.0,0.0,0.0,0.0,,,,,,,,,,,,
JIOFIN,EQ,2024-09-13,349.8,350.35,354.4,346.9,352.85,351.9,350.26,17631913.0,6175687535.55,144038,8339467.0,47.30,0.0,0.0,0.0,0.0,0.006003430531732246,0.09900062460961889,-0.024667405764966843,-0.010544074230282585,0.022253067219557148,0.018866969751289094,67.82825140012446,4.663826815058314,2.530280902359042,2.1335459126992724,1,0.0,0.0,0.0,0.0,,,,,,,,,,,,
JIOFIN,EQ,2024-09-16,351.9,352.0,354.7,347.0,348.0,348.8,350.31,11639025.0,4077313670.2,120672,4975557.0,42.75,0.0,0.0,0.0,0.0,-0.008809320829781142,0.06292853877799787,-0.022969187675069946,-0.03606466767997796,0.02227536371387593,0.018887499686166275,65.16245487364623,4.77460740006444,2.9791462019001216,1.7954611981643183,1,0.0,0.0,0.0,0.0,,,,,,,,,,,,
JIOFIN,EQ,2024-09-17,348.8,348.7,355.5,344.0,350.6,351.65,348.78,14931440.0,5207773554.25,126903,6079483.0,40.72,0.0,0.0,0.0,0.0,0.00817087155963292,0.060944335495549895,-0.03180066079295163,0.0714503351614868,0.021526050344574003,0.01867610224936252,67.37588652482273,5.034340252703828,3.390185012060863,1.6441552406429647,1,0.0,0.0,0.0,0.0,,,,,,,,,,,,
JIOFIN,EQ,2024-09-18,351.65,350.5,353.25,345.1,345.75,346.9,348.29,12141036.0,4228576520.75,115349,5419658.0,44.64,0.0,0.0,0.0,0.0,-0.013507749182425699,0.03815651653449059,-0.03181691320122815,0.025269691148219087,0.021385988290608664,0.018718976666485376,62.36183827806867,4.801545875111344,3.6724571846709595,1.1290886904403847,1,0.0,0.0,0.0,0.0,,,,,,,,,,,,
JIOFIN,EQ,2024-09-19,346.9,348.75,350.5,338.45,347.95,346.65,344.77,17295767.0,5963064848.35,189733,7141310.0,41.29,0.0,0.0,0.0,0.0,-0.0007206687806283751,0.04696466324373283,-0.05170291341813715,0.005511240029006492,0.018671314646300164,0.018611425854413746,65.16717325227965,4.544495626284061,3.8468648729935797,0.6976307532904809,1,0.0,0.0,0.0,0.0,,,,,,,,,,,,
JIOFIN,EQ,2024-09-20,346.65,348.4,355.9,348.35,353.2,353.9,352.99,38491941.0,13587297139.15,277929,19919006.0,51.75,0.0,0.0,0.0,0.0,0.02091446704168476,0.07372572815533962,-0.019395954558049322,0.0038292440788538773,0.01884426263016941,0.018425281847368222,56.78733031674209,4.869661435592718,4.051424185513408,0.81823725007931,1,0.0,0.0,0.0,0.0,,,,,,,,,,,,
JIOFIN,EQ,2024-09-23,353.9,354.35,361.2,352.25,353.3,354.25,356.25,22868793.0,8147013642.25,213880,10494443.0,45.89,0.0,0.0,0.0,0.0,0.0009889799378355324,0.08283661928778852,-0.0030955396088364617,0.0026889329181998267,0.018821233636493115,0.01842112464510684,53.30073349633253,5.0968464835058285,4.2605086451118925,0.8363378383939359,1,0.0,0.0,0.0,0.0,,,,,,,,,,,,
JIOFIN,EQ,2024-09-24,354.25,353.8,356.0,349.1,351.5,352.45,352.03,20086102.0,7070817784.8,153856,10396398.0,51.76,0.0,0.0,0.0,0.0,-0.005081157374735357,0.09033255993812839,-0.01838184096922435,0.04429629629629628,0.01881552993129513,0.018426172668405353,54.36408977556111,5.073167002714058,4.423040316632326,0.6501266860817321,1,0.0,0.0,0.0,0.0,,,,,,,,,,,,
JIOFIN,EQ,2024-09-25,352.45,351.7,355.0,349.0,352.5,352.8,351.65,13663033.0,4804613890.55,113831,6371080.0,46.63,0.0,0.0,0.0,0.0,0.0009930486593843213,0.09023485784919649,-0.00968421052631574,0.041629760850310005,0.018427979072899944,0.018415465624437414,56.351236146632566,5.024721061891853,4.543376465684232,0.48134459620762104,1,0.0,0.0,0.0,0.0,,,,,,,,,,,,
JIOFIN,EQ,2024-09-26,352.8,352.5,353.6,348.95,349.1,349.85,350.4,11584354.0,4059202551.8,107880,5504735.0,47.52,0.0,0.0,0.0,0.0,-0.008361678004535134,0.0856477889837084,-0.010605203619909465,0.015087770201654083,0.01840024500245581,0.018375674951252266,62.241054613935994,4.694175426639276,4.573536257875241,0.12063916876403535,1,0.0,0.0,0.0,0.0,,,,,,,,,,,,
JIOFIN,EQ,2024-09-27,349.85,350.0,363.0,349.1,358.05,359.15,358.31,61551034.0,22054213252.5,385400,27320996.0,44.39,0.0,0.0,0.0,0.0,0.026582821209089502,0.10287118071549206,0.002792126204104406,0.037555972844142804,0.018474277403548713,0.018544879771131034,65.16072980017378,5.123586391308663,4.683546284561926,0.44004010674673744,1,0.0,0.0,0.0,0.0,,,,,,,,,,,,
JIOFIN,EQ,2024-09-30,359.15,357.0,358.15,349.6,350.5,350.6,352.24,26763318.0,9426995803.95,222274,15726743.0,58.76,0.0,0.0,0.0,0.0,-0.023806209104830778,0.08983525023313654,-0.006235827664399007,-0.00028514399771872867,0.019064370820162067,0.018716905675255018,49.20071047957373,4.719579752331072,4.690752978115755,0.02882677421531632,1,0.0,0.0,0.0,0.0,,,,,,,,,,,,
JIOFIN,EQ,2024-10-01,350.6,352.0,353.0,346.25,349.9,351.0,349.84,16421563.0,5744843976.45,154789,6958849.0,42.38,0.0,0.0,0.0,0.0,0.0011409013120364797,0.017686285879965347,0.0,-0.007773851590106018,0.019029948198746666,0.01847308631703915,56.767676767676775,4.3811747815955755,4.628837338811719,-0.2476625572161435,1,0.0,0.0,0.0,0.0,,,,,,,,,,,,
JIOFIN,EQ,2024-10-03,351.0,345.0,350.5,339.05,345.75,345.6,344.05,24232870.0,8337255925.9,245220,11044154.0,45.58,0.0,0.0,0.0,0.0,-0.01538461538461533,-0.013135351227869685,-0.016225448334756587,-0.03179717047205477,0.019187619132404975,0.018530369161968725,45.748987854251006,3.6353455335082003,4.430138977751016,-0.7947934442428153,1,0.0,0.0,0.0,0.0,,,,,,,,,,,,
JIOFIN,EQ,2024-10-04,345.6,343.5,345.3,336.5,338.95,338.8,340.96,18945511.0,6459728683.3,195862,7048303.0,37.20,0.0,0.0,0.0,0.0,-0.01967592592592593,-0.024193548387096753,-0.03434516175003566,-0.051246149537944596,0.01955040468990022,0.018581218897229714,37.892791127541585,2.4671277974453574,4.037536741689884,-1.5704089442445266,1,0.0,0.0,0.0,0.0,,,,,,,,,,,,
JIOFIN,EQ,2024-10-07,338.8,346.1,348.9,329.2,334.6,336.35,338.37,38001804.0,12858648742.15,408352,14004902.0,36.85,0.0,0.0,0.0,0.0,-0.00723140495867769,-0.0260605183147532,-0.046491849751948866,-0.05810697283674038,0.019547401572605136,0.018573643336432185,38.353601496725894,1.3283004794765247,3.4956894892472126,-2.167389009770688,1,0.0,0.0,0.0,0.0,,,,,,,,,,,,
JIOFIN,EQ,2024-10-08,336.35,334.75,349.7,333.0,343.95,345.6,341.21,20853384.0,7115302198.0,204867,8291260.0,39.76,0.0,0.0,0.0,0.0,0.027501114910063906,0.025975953688585518,-0.007751937984496138,-0.043454193191253765,0.019962153491551865,0.018669544753752817,44.94569757727655,1.158811264777512,3.028313844353273,-1.869502579575761,1,0.0,0.0,0.0,0.0,,,,,,,,,,,,
JIOFIN,EQ,2024-10-09,345.6,345.0,348.0,341.55,342.0,343.0,345.16,12692777.0,4381052329.75,141457,4875050.0,38.41,0.0,0.0,0.0,0.0,-0.007523148148148251,0.003804506877377767,-0.019579819922824093,-0.08092175777063237,0.020043698371979283,0.018681459215619478,46.620450606585806,0.8054073357139373,2.583732542625406,-1.7783252069114686,1,0.0,0.0,0.0,0.0,,,,,,,,,,,,
JIOFIN,EQ,2024-10-10,343.0,345.0,347.5,343.0,343.3,343.8,344.78,8914571.0,3073598936.75,92382,3403027.0,38.17,0.0,0.0,0.0,0.0,0.0023323615160351086,-0.021906116642958717,-0.011927001005891613,-0.06892349356804328,0.02000829580036378,0.018653702998704124,47.55364806866956,0.5831631481489126,2.1836186637301074,-1.6004555155811948,1,0.0,0.0,0.0,0.0,,,,,,,,,,,,
JIOFIN,EQ,2024-10-11,343.8,343.45,344.45,340.45,340.95,341.5,342.49,8105506.0,2776053339.0,80797,3568564.0,44.03,0.0,0.0,0.0,0.0,-0.006689936009307784,-0.008132442637235004,-0.018819135181726843,-0.07125373946151747,0.020012216443774537,0.018311568849146823,38.36772983114448,0.21891869181558832,1.7906786693472037,-1.5717599775316153,1,0.0,0.0,0.0,0.0,,,,,,,,,,,,
JIOFIN,EQ,2024-10-14,341.5,342.8,343.45,339.25,339.45,340.05,341.39,7284123.0,2486762362.5,88765,3749963.0,51.48,0.0,0.0,0.0,0.0,-0.004245973645680801,-0.027873070325900473,-0.029399172256315165,-0.08206235659333239,0.019874621997809587,0.016969948562655605,36.948529411764696,-0.1846223345630733,1.3956184685651483,-1.5802408031282216,1,0.0,0.0,0.0,0.0,,,,,,,,,,,,
JIOFIN,EQ,2024-10-15,340.05,341.95,341.95,336.1,336.9,336.75,337.63,9425660.0,3182359615.6,111972,5022592.0,53.29,0.0,0.0,0.0,0.0,-0.00970445522717256,-0.04305200341005966,-0.052476083286437714,-0.09524449220849007,0.014923563915595114,0.016520762173973615,35.957066189624314,-0.7619308613889757,0.9641086025743234,-1.726039463963299,0,0.0,0.0,0.0,0.0,,,,,,,,,,,,
JIOFIN,EQ,2024-10-16,336.75,337.05,339.2,332.5,333.0,333.65,335.71,10530774.0,3535303084.7,109573,6001876.0,56.99,0.0,0.0,0.0,0.0,-0.009205642167780304,-0.04343463302752304,-0.03079157588961512,-0.058283940163703196,0.014684336410661157,0.016504784765348546,33.67433930093772,-1.4528485862651905,0.4807171648064206,-1.933565751071611,0,0.0,0.0,0.0,0.0,,,,,,,,,,,,
JIOFIN,EQ,2024-10-17,333.65,334.85,335.0,328.6,329.5,329.15,331.16,9765396.0,3233906376.85,120844,5288931.0,54.16,0.0,0.0,0.0,0.0,-0.013487187172186443,-0.0639840750746481,-0.023293768545994187,-0.09036893740500218,0.014792970400317873,0.016519007348114064,32.80730897009961,-2.3365835720085784,-0.08274298255657914,-2.253840589451999,0,0.0,0.0,0.0,0.0,,,,,,,,,,,,
JIOFIN,EQ,2024-10-18,329.15,329.15,332.9,325.5,329.6,330.35,329.62,9740536.0,3210713568.35,157909,4073352.0,41.82,-0.9370958805084229,-0.9370958805084229,0.0,1.0,0.003645754215403363,-0.04770827327760152,-0.024797047970479658,-0.1269820295983085,0.01480722546406364,0.016506745724809403,22.360844529750537,-2.9066143036079097,-0.6475172467668453,-2.2590970568410644,0,-0.3123652935028076,-0.18741917610168457,0.0,1.0,,,,,,,,,,,,
JIOFIN,EQ,2024-10-21,330.35,334.4,334.4,326.05,326.4,327.2,329.75,8404918.0,2771494817.9,108691,3886257.0,46.24,0.0,0.0,0.0,0.0,-0.009535341304676925,-0.05610846675320924,-0.04032849391406368,-0.11591461767089983,0.014236113594649467,0.016534041342696676,24.946466809421864,-3.5713778192073846,-1.2322893612549533,-2.3390884579524314,0,-0.3123652935028076,-0.18741917610168457,-0.9370958805084229,1.0,,,,,,,,,,,,
JIOFIN,EQ,2024-10-22,327.2,328.0,328.4,311.1,316.2,314.05,318.88,16864967.0,5377872008.85,259966,8998996.0,53.36,-0.9180749654769896,-0.9180749654769896,0.0,1.0,-0.040189486552567155,-0.11260243006499004,-0.062257390265750834,-0.17938332897831188,0.015636849422599863,0.016715903060163257,18.923465096719994,-5.100507322093449,-2.0059329534226524,-3.0945743686707967,0,-0.6183902819951376,-0.37103416919708254,0.0,2.0,,,,,,,,,,,,
JIOFIN,EQ,2024-10-23,314.05,316.25,321.45,313.15,314.45,314.7,316.79,15298133.0,4846242046.6,211596,5743727.0,37.55,-0.8651500940322876,-0.8651500940322876,0.0,1.0,0.0020697341187707607,-0.11164431898376859,-0.059755004481625296,-0.18881299136486662,0.014510115441828076,0.01671961507546493,21.7550274223035,-6.18856596598323,-2.8424595559347683,-3.3461064100484617,0,-0.5944083531697592,-0.5440641880035401,-0.9180749654769896,3.0,,,,,,,,,,,,
JIOFIN,EQ,2024-10-24,314.7,315.0,318.4,314.85,315.95,316.1,316.24,7628619.0,2412501305.5,88601,3584533.0,46.99,0.0,0.0,0.0,0.0,0.004448681283762523,-0.10313519648177039,-0.0397934386391251,-0.17218803194971843,0.014219513487076042,0.016702052506281286,26.977687626774923,-6.858827684518076,-3.64573318165143,-3.213094502866646,0,-0.5944083531697592,-0.5440641880035401,-0.8651500940322876,3.0,,,,,,,,,,,,
JIOFIN,EQ,2024-10-25,316.1,317.5,317.85,306.0,311.9,311.2,311.17,12405373.0,3860167520.45,184320,5311320.0,42.81,0.0,0.0,0.0,0.0,-0.01550142360012663,-0.11791383219954654,-0.062368183187707094,-0.18597959717499346,0.01394921335874119,0.016650446378917015,25.70048309178749,-7.696681422008169,-4.455922829722778,-3.240758592285391,0,-0.2883833646774292,-0.3566450119018555,0.0,2.0,,,,,,,,,,,,
JIOFIN,EQ,2024-10-28,311.2,314.5,319.25,310.65,316.45,316.65,315.97,9290007.0,2935336195.65,113898,3681001.0,39.62,0.0,0.0,0.0,0.0,0.017512853470436962,-0.09489781334857805,-0.04103573591762577,-0.1705304518664048,0.014379643854058136,0.01672181986435743,19.812304483837394,-7.83065023147185,-5.130868310072593,-2.699781921399257,0,0.0,-0.3566450119018555,0.0,2.0,,,,,,,,,,,,
JIOFIN,EQ,2024-10-29,316.65,317.7,326.95,313.9,325.8,326.2,321.57,14904512.0,4792874056.4,163637,4159840.0,27.91,-0.9366085529327391,-0.9366085529327391,0.0,1.0,0.03015948207800423,-0.0917443964917165,-0.009564293304994753,-0.14270696452036802,0.015584855922696516,0.01689681477422574,34.6994535519126,-7.0845500083283355,-5.521604649723741,-1.562945358604594,0,-0.3122028509775797,-0.36035172939300536,0.0,2.0,,,,,,,,,,,,
JIOFIN,EQ,2024-10-30,326.2,326.75,326.75,318.55,319.25,319.95,321.96,11570929.0,3725337832.95,141079,6604951.0,57.08,0.0,0.0,0.0,0.0,-0.019160024524831343,-0.08742156303479753,-0.026027397260274032,-0.1513262599469496,0.015760805118205413,0.016959982221931482,30.240265120132577,-6.917838437394494,-5.800851407257892,-1.1169870301366016,0,-0.3122028509775797,-0.18732171058654784,-0.9366085529327391,1.0,,,,,,,,,,,,
JIOFIN,EQ,2024-10-31,319.95,319.95,323.9,317.7,322.0,322.3,321.59,6666478.0,2143872964.15,99987,2904188.0,43.56,0.0,0.0,0.0,0.0,0.007344897640256365,-0.08176638176638173,-0.01947064192272585,-0.1510601870143552,0.015742321076701295,0.01691557522867653,34.1059602649007,-6.520923805609925,-5.944865886928299,-0.5760579186816264,0,-0.3122028509775797,-0.18732171058654784,0.0,1.0,,,,,,,,,,,,
JIOFIN,EQ,2024-11-01,322.3,325.0,326.85,324.2,326.45,326.2,325.83,4366260.0,1422675177.0,88741,2725351.0,62.42,0.0,0.0,0.0,0.0,0.012100527458889232,-0.0561342592592593,-0.0001532567049808975,-0.13221601489757917,0.01596001891658536,0.01692924125821729,38.98170246618935,-5.824527170387171,-5.920798143620074,0.09627097323290279,0,0.0,-0.18732171058654784,0.0,1.0,,,,,,,,,,,,
JIOFIN,EQ,2024-11-04,326.2,326.8,326.8,319.3,319.9,319.85,320.96,8097386.0,2598904927.9,108144,4069620.0,50.26,0.0,0.0,0.0,0.0,-0.019466584917228635,-0.05593270365997638,0.008831414603374999,-0.13612424037812287,0.01566958994367598,0.017026861890194384,37.17754172989381,-5.719093599538667,-5.880457234803792,0.16136363526512554,0,0.0,-0.18732171058654784,0.0,1.0,,,,,,,,,,,,
JIOFIN,EQ,2024-11-05,319.85,320.0,324.0,318.75,321.8,321.9,321.28,5979530.0,1921115348.0,72385,2345032.0,39.22,0.0,0.0,0.0,0.0,0.006409254337970793,-0.04296120112977564,0.03388469568010266,-0.09642105263157896,0.01575116055841515,0.0170310989602017,40.940632228218966,-5.407781330645491,-5.785922053972132,0.3781407233266405,0,0.0,0.0,0.0,0.0,,,,,,,,,,,,
JIOFIN,EQ,2024-11-06,321.9,323.95,327.9,322.8,326.45,326.05,325.27,7203398.0,2343041329.15,83373,3085885.0,42.84,0.0,0.0,0.0,0.0,0.012892202547374998,-0.05656828703703709,-0.011220621683093235,-0.08206644144144137,0.01601157177018493,0.017031322215499654,47.59689922480623,-4.771194438143539,-5.582976530806413,0.8117820926628747,0,0.0,0.0,0.0,0.0,,,,,,,,,,,,
JIOFIN,BL,2024-11-07,261.85,322.0,322.0,322.0,322.0,322.0,322.0,1979153.0,637287266.0,1,,-,0.0,0.0,0.0,0.0,-0.012421407759546144,-0.061224489795918324,-0.013480392156862697,-0.06774753908511866,0.01609866112614814,0.017010071331092672,43.80103934669635,-4.541148360677369,-5.374610896780605,0.8334625361032364,0,0.0,0.0,0.0,0.0,0.7071067811865476,-0.7071067811865476,0.7071067811865476,0.7071067811865476,0.7071067811865475,-0.7071067811865475,0.7071067811865475,,,,,
JIOFIN,EQ,2024-11-07,326.05,327.0,328.5,320.55,321.25,321.55,323.53,7046798.0,2279822968.65,96683,3573219.0,50.71,0.0,0.0,0.0,0.0,-0.0013975155279503104,-0.06471785922047701,-0.01243857493857492,-0.07560730199798771,0.016067593807015022,0.017004204515516593,45.63031709203404,-4.345059287327274,-5.168700574889939,0.8236412875626646,0,0.0,0.0,0.0,0.0,-0.7071067811865476,0.7071067811865476,-0.7071067811865476,-0.7071067811865476,-0.7071067811865475,0.7071067811865475,-0.7071067811865475,,,,,
JIOFIN,EQ,2024-11-08,321.55,321.7,322.35,314.8,315.0,316.05,317.97,7871347.0,2502870485.75,133008,4517392.0,57.39,0.0,0.0,0.0,0.0,-0.01710464935468825,-0.07452415812591506,-0.03979948351815277,-0.07411747473267905,0.015284371024104678,0.017089352858022128,51.75438596491228,-4.580658340544915,-5.051092128020934,0.4704337874760194,0,0.0,0.0,0.0,0.0,,,,,,,,,,,,
JIOFIN,EQ,2024-11-11,316.05,314.0,316.1,310.6,311.9,312.0,313.52,8429474.0,2642811737.15,129598,4591448.0,54.47,-0.9503597617149352,-0.9503597617149352,0.0,1.0,-0.012814428096820207,-0.08248786943096609,-0.034952056913083895,-0.11476805220598663,0.014924161018557803,0.01713442777210471,47.76490066225166,-5.036120181777619,-5.048097738772271,0.011977556994652083,0,-0.3167865872383117,-0.19007195234298704,0.0,1.0,,,,,,,,,,,,
JIOFIN,EQ,2024-11-12,312.0,312.2,316.15,310.0,310.5,310.25,312.85,5765828.0,1803850889.7,89422,2873069.0,49.83,-0.9503597617149352,-0.9503597617149352,0.0,1.0,-0.005608974358974339,-0.0786933927245731,-0.031074328544659524,-0.12321605199943486,0.01489838736855361,0.017126298415251703,45.18518518518517,-5.475172961298654,-5.133512783277548,-0.3416601780211055,0,-0.6335731744766234,-0.3801439046859741,-0.9503597617149352,2.0,,,,,,,,,,,,
JIOFIN,EQ,2024-11-13,310.25,310.0,310.0,298.0,300.4,299.4,302.09,14563487.0,4399462638.75,225060,7493531.0,51.45,0.0,0.0,0.0,0.0,-0.03497179693795338,-0.1026524801438633,-0.08761237239067499,-0.15673848753696673,0.015815575417919978,0.017451568678806546,41.154422788605686,-6.622292113786045,-5.431268649379248,-1.191023464406797,0,-0.6335731744766234,-0.3801439046859741,-0.9503597617149352,2.0,,,,,,,,,,,,
JIOFIN,EQ,2024-11-14,299.4,302.75,320.5,302.75,319.6,318.35,315.61,42750072.0,13492215294.15,376824,13776990.0,32.23,-0.9503597617149352,-0.9503597617149352,0.0,1.0,0.06329325317301282,-0.03281178793862971,-0.0395233066827575,-0.10876259798432242,0.019839864726450766,0.01873334258662502,51.05985037406487,-5.933883562443896,-5.531791631992178,-0.40209193045171787,0,-0.6335731744766234,-0.570215857028961,0.0,3.0,,,,,,,,,,,,
JIOFIN,EQ,2024-11-18,318.35,320.0,322.9,313.85,319.0,318.8,317.88,15570302.0,4949431612.5,153790,7067764.0,45.39,0.8393609523773193,0.8393609523773193,0.0,1.0,0.0014135385581905968,-0.03496291811714847,-0.045937453239563,-0.11982330204307012,0.01982230671051925,0.018728539529921966,44.7960618846695,-5.2910120927319895,-5.48363572414014,0.19262363140815086,0,-0.036999603112538616,-0.40234366655349724,-0.9503597617149352,4.0,,,,,,,,,,,,
JIOFIN,EQ,2024-11-19,318.8,320.0,323.8,317.1,317.85,319.35,321.25,9800376.0,3148372795.15,93574,4784805.0,48.82,0.0,0.0,0.0,0.0,0.0017252195734003273,-0.023991442542787178,-0.035487768045907586,-0.10733752620545067,0.019061598432410204,0.018730091399590074,49.54128440366975,-4.683166786345396,-5.323541936581192,0.6403751502357959,0,-0.036999603112538616,-0.21227171421051017,0.8393609523773193,3.0,,,,,,,,,,,,
JIOFIN,EQ,2024-11-21,319.35,317.0,318.9,313.05,314.2,314.2,314.79,9585103.0,3017335575.8,118692,4426692.0,46.18,0.0,0.0,0.0,0.0,-0.016126506967277354,0.00047763095048547477,-0.04672330097087385,-0.12148748776737028,0.01920464284436028,0.018782498202889162,44.061583577712604,-4.564391497451652,-5.171711848755284,0.607320351303632,0,0.27978698412577313,-0.02219976186752317,0.0,2.0,,,,,,,,,,,,
JIOFIN,EQ,2024-11-22,314.2,314.5,317.7,312.35,313.95,313.8,315.02,11366576.0,3580738246.45,111967,5214081.0,45.87,0.0,0.0,0.0,0.0,-0.0012730744748566947,-0.0028598665395613843,-0.0408069692801466,-0.14670292318150913,0.019183056929851568,0.018710145236586463,40.4173106646059,-4.451226909316119,-5.027614860867451,0.5763879515513315,0,0.0,-0.02219976186752317,0.0,2.0,,,,,,,,,,,,
JIOFIN,EQ,2024-11-25,313.8,318.85,325.0,318.0,320.0,323.25,322.15,25530717.0,8224839411.85,140467,15157000.0,59.37,0.0,0.0,0.0,0.0,0.030114722753346035,0.022619424232837693,0.0,-0.11535303776683081,0.020085532697487023,0.01871904039166372,52.50737463126842,-3.5579928085339816,-4.733690450400757,1.1756976418667753,0,0.0,0.16787219047546387,0.0,1.0,,,,,,,,,,,,
JIOFIN,EQ,2024-11-26,323.25,321.45,326.9,320.1,326.1,326.05,324.28,11006017.0,3568995792.75,99095,5326024.0,48.39,0.0,0.0,0.0,0.0,0.008662026295437109,0.047718508997429465,0.007571075401730409,-0.09443132898208584,0.020165793275169527,0.01861463691730777,53.02698760029178,-2.5942567716415965,-4.305803714648925,1.7115469430073285,0,0.0,0.0,0.0,0.0,,,,,,,,,,,,
JIOFIN,EQ,2024-11-27,326.05,325.7,331.95,322.4,329.35,328.9,328.73,11501641.0,3780963215.7,111171,4207186.0,36.58,0.0,0.0,0.0,0.0,0.008740990645606406,0.03868624664456033,0.020636152055857115,-0.0783242258652096,0.02017893283464591,0.01862993398426366,52.11895910780667,-1.5822783179892213,-3.7610986353169844,2.178820317327763,0,0.0,0.0,0.0,0.0,,,,,,,,,,,,
JIOFIN,EQ,2024-11-28,328.9,328.95,331.4,325.0,325.7,325.45,327.67,9679906.0,3171825424.75,86914,4289291.0,44.31,0.0,0.0,0.0,0.0,-0.010489510489510412,-0.0022992029429798055,-0.0006141563027790564,-0.06801260022909505,0.020199184012883793,0.018647792677721816,52.588147036759175,-1.0465997196234866,-3.218198852178285,2.1715991325547983,0,0.0,0.0,0.0,0.0,,,,,,,,,,,,
JIOFIN,EQ,2024-11-29,325.45,325.55,332.3,325.35,328.35,328.35,329.62,18285878.0,6027408822.25,100163,10855626.0,59.37,0.0,0.0,0.0,0.0,0.008910738976801502,0.026254102203469465,0.020671433012123153,-0.05578720345075483,0.02012150298623539,0.018579934614140956,54.920405209840816,-0.383642416406758,-2.6512875650239796,2.2676451486172216,0,0.0,0.0,0.0,0.0,,,,,,,,,,,,
JIOFIN,EQ,2024-12-02,328.35,326.0,330.5,325.1,329.95,329.7,328.78,8216182.0,2701278055.0,69373,4233613.0,51.53,0.0,0.0,0.0,0.0,0.004111466423024179,0.02295997517840509,-0.04407074514351983,-0.0425439233338174,0.020124502096840725,0.018585009273794112,60.508083140877574,0.2478328771836118,-2.0714634765824615,2.3192963537660733,0,0.0,0.0,0.0,0.0,,,,,,,,,,,,
JIOFIN,EQ,2024-12-03,329.7,331.35,342.45,329.85,342.1,340.35,337.36,18445722.0,6222932156.2,158215,10505387.0,56.95,0.0,0.0,0.0,0.0,0.03230209281164709,0.04337829552421835,-0.028126784694460172,-0.04422914911541698,0.020867640033878906,0.018809436091504067,69.81132075471697,1.5893268208549216,-1.339305417094985,2.9286322379499063,0,0.0,0.0,0.0,0.0,,,,,,,,,,,,
JIOFIN,EQ,2024-12-04,340.35,342.1,347.35,340.65,345.0,345.2,344.13,16774994.0,5772711233.7,130655,9069326.0,54.06,0.0,0.0,0.0,0.0,0.01425003672689873,0.07925590120368908,-0.005760368663594417,0.03679231115783144,0.01943296546554392,0.018847874969726945,73.40924313462824,3.0091374397329105,-0.4696168457294059,3.4787542854623164,1,0.0,0.0,0.0,0.0,,,,,,,,,,,,
JIOFIN,EQ,2024-12-05,345.2,346.75,347.3,339.6,341.3,341.5,342.83,11818459.0,4051763597.45,89088,7137931.0,60.40,0.0,0.0,0.0,0.0,-0.010718424101969881,0.0608884746815781,-0.011148110612422268,-0.011863425925926041,0.019601262711303073,0.01887620744089468,81.1851851851852,3.792075817033492,0.38272168682317376,3.4093541302103185,1,0.0,0.0,0.0,0.0,,,,,,,,,,,,
JIOFIN,EQ,2024-12-06,341.5,343.05,343.05,338.5,338.9,338.9,339.92,8074543.0,2744721755.35,70826,5305823.0,65.71,0.0,0.0,0.0,0.0,-0.007613469985358723,0.03941113326176948,0.006085794864182814,-0.030051516886090424,0.019692140751634436,0.018893037464499076,70.0879765395894,4.154867128969499,1.1371507752524388,3.0177163537170606,1,0.0,0.0,0.0,0.0,,,,,,,,,,,,
JIOFIN,EQ,2024-12-09,338.9,338.5,341.3,335.9,336.3,336.85,338.0,10589894.0,3579390589.55,89642,6648700.0,62.78,0.0,0.0,0.0,0.0,-0.006048982000590009,0.046118012422360355,-0.014193737196370959,-0.046156024352258074,0.019468377320804187,0.018902908477540885,67.10900473933653,4.228223659643334,1.7553653521306178,2.4728583075127157,1,0.0,0.0,0.0,0.0,,,,,,,,,,,,
JIOFIN,EQ,2024-12-10,336.85,337.0,337.95,333.65,334.85,335.1,335.35,7366133.0,2470263299.45,60655,4756177.0,64.57,0.0,0.0,0.0,0.0,-0.005195190737717126,0.0421396361374593,-0.04665718349928871,-0.043527900670757846,0.019318458464310843,0.01891226869034798,64.59684893419835,4.097910700374825,2.2238744217794593,1.8740362785953661,1,0.0,0.0,0.0,0.0,,,,,,,,,,,,
JIOFIN,EQ,2024-12-11,335.1,334.7,345.0,333.3,343.5,343.0,339.88,20098921.0,6831156592.1,112566,11184342.0,55.65,0.0,0.0,0.0,0.0,0.023575052223216986,0.0852713178294573,-0.0037757769387162243,-0.020699500356887945,0.019023443105092762,0.019050023909137275,75.39682539682546,4.579313245673006,2.6949621865581688,1.8843510591148376,1,0.0,0.0,0.0,0.0,,,,,,,,,,,,
JIOFIN,EQ,2024-12-12,343.0,343.8,346.3,337.2,338.35,338.3,340.59,10639649.0,3623716289.9,71904,5202755.0,48.90,0.0,0.0,0.0,0.0,-0.013702623906705513,0.08429487179487194,-0.03287592910234416,-0.06275107355589415,0.018840843307449007,0.0188630119983047,70.0819672131148,4.529365801155336,3.0618429094776025,1.4675228916777336,1,0.0,0.0,0.0,0.0,,,,,,,,,,,,
JIOFIN,EQ,2024-12-13,338.3,337.0,340.7,330.65,338.7,339.75,336.34,9126606.0,3069678652.45,80843,3796056.0,41.59,0.0,0.0,0.0,0.0,0.004286136565178733,0.09508460918614015,-0.03452685421994883,-0.058342572062084264,0.018819352306381158,0.018758429825128747,65.56603773584908,4.554285999312015,3.3603315274444854,1.1939544718675292,1,0.0,0.0,0.0,0.0,,,,,,,,,,,,
JIOFIN,EQ,2024-12-16,339.75,339.25,342.45,338.15,339.85,340.35,340.76,6632276.0,2259986936.25,62699,3966448.0,59.81,0.0,0.0,0.0,0.0,0.0017660044150111798,0.13677354709418843,-0.024225917431192623,-0.04663865546218482,0.018721050675083235,0.0177124951595475,64.07480314960634,4.569772923801622,3.602219806715913,0.9675531170857092,1,0.0,0.0,0.0,0.0,,,,,,,,,,,,
JIOFIN,EQ,2024-12-17,340.35,339.05,340.9,335.9,336.75,337.1,337.93,8027327.0,2712640210.2,65184,4905676.0,61.11,0.0,0.0,0.0,0.0,-0.009548993682973461,0.05889743992461138,-0.04137636854827231,-0.07186123348017615,0.018421694206548957,0.017708483609947704,58.00781250000006,4.2705701105237495,3.7358898674774808,0.5346802430462687,1,0.0,0.0,0.0,0.0,,,,,,,,,,,,
JIOFIN,EQ,2024-12-18,337.1,336.0,337.0,323.55,325.0,324.6,327.93,13957883.0,4577148870.9,144319,7631070.0,54.67,0.8843417167663574,0.8843417167663574,0.0,1.0,-0.03708098487095812,0.018193224592220947,-0.06428365523205526,-0.09405526095450734,0.019721118024879282,0.01814443640123972,49.29460580912866,2.9903334891746454,3.586778591816914,-0.5964451026422686,1,0.29478057225545246,0.17686834335327148,0.0,1.0,,,,,,,,,,,,
JIOFIN,EQ,2024-12-19,324.6,318.0,319.9,310.75,313.75,313.0,314.62,21490551.0,6761409566.5,279000,13163277.0,61.25,0.0,0.0,0.0,0.0,-0.03573629081947016,-0.019884139658681743,-0.09707197461416406,-0.14375598413349755,0.02064139747824834,0.018495817965612085,38.868745467730214,1.0278650993520841,3.074995893323948,-2.047130793971864,1,0.29478057225545246,0.17686834335327148,0.8843417167663574,1.0,,,,,,,,,,,,
JIOFIN,EQ,2024-12-20,313.0,314.75,314.75,302.8,305.4,304.3,308.06,19669669.0,6059378080.1,196059,12175573.0,61.90,0.0,0.0,0.0,0.0,-0.027795527156549538,-0.031508593252705164,-0.14015258547612308,-0.15683014685508445,0.021116103949137776,0.018631320828357237,33.35517693315859,-1.215412016313394,2.21691431139648,-3.432326327709874,0,0.29478057225545246,0.17686834335327148,0.0,1.0,,,,,,,,,,,,
JIOFIN,EQ,2024-12-23,304.3,308.8,308.85,302.05,304.9,304.7,305.68,11299664.0,3454048070.9,135738,5710598.0,50.54,0.0,0.0,0.0,0.0,0.0013144922773578038,-0.028999362651370375,-0.13987297106563168,-0.14253552835232874,0.021123111149170388,0.018607011329373462,23.012869038607036,-2.9272056309651475,1.1880903229241548,-4.115295953889302,0,0.0,0.17686834335327148,0.0,1.0,,,,,,,,,,,,
JIOFIN,EQ,2024-12-24,304.7,304.7,307.0,303.6,304.95,304.7,305.22,6911511.0,2109541701.5,68849,3260901.0,47.18,0.0,0.0,0.0,0.0,0.0,-0.057385924207269956,-0.13548020995885945,-0.15137167525414297,0.02091944882291958,0.01841207691302585,16.91176470588232,-4.234996005624282,0.10347305721446742,-4.338469062838749,0,0.0,0.17686834335327148,0.0,1.0,,,,,,,,,,,,
JIOFIN,EQ,2024-12-26,304.7,304.7,306.7,302.9,305.35,305.55,304.99,8189884.0,2497870507.3,80345,4738531.0,57.86,0.0,0.0,0.0,0.0,0.0027896291434197362,-0.0628737923631345,-0.1339285714285714,-0.14231578947368417,0.020809489403512647,0.018380471250780003,19.194515852613534,-5.143549763484032,-0.9459315069252325,-4.197618256558799,0,0.0,0.0,0.0,0.0,,,,,,,,,,,,
JIOFIN,EQ,2024-12-27,305.55,305.95,307.35,304.5,305.25,304.95,305.83,6020942.0,1841408890.6,65756,3368463.0,55.95,0.0,0.0,0.0,0.0,-0.0019636720667649543,-0.07281848586196404,-0.12834071745033593,-0.13758484162895934,0.02078919194466339,0.01835644131523714,19.87577639751551,-5.844626926895728,-1.925670590919332,-3.918956335976396,0,0.0,0.0,0.0,0.0,,,,,,,,,,,,
JIOFIN,EQ,2024-12-30,304.95,305.0,308.95,301.0,304.8,306.25,305.57,45642158.0,13946706710.2,169902,32803507.0,71.87,0.0,0.0,0.0,0.0,0.004262993933431769,-0.05899523736365031,-0.14729221773632184,-0.14491134999301958,0.019745061544837572,0.01834286344047716,22.482014388489205,-6.2235947680085815,-2.785255426337182,-3.4383393416713997,0,0.0,0.0,0.0,0.0,,,,,,,,,,,,
JIOFIN,EQ,2024-12-31,306.25,303.85,303.85,296.25,298.9,298.7,298.76,17838917.0,5329624308.6,204227,10323913.0,57.87,0.0,0.0,0.0,0.0,-0.024653061224489847,-0.09029998477234669,-0.14803194523673713,-0.15334467120181416,0.01641652001383171,0.018511914119667575,20.35830618892507,-7.051861939615492,-3.6385767289928443,-3.4132852106226474,0,0.0,0.0,0.0,0.0,,,,,,,,,,,,
JIOFIN,EQ,2025-01-01,298.7,298.9,306.4,298.8,304.25,304.45,303.79,8948678.0,2718552323.1,85145,2991034.0,33.42,0.0,0.0,0.0,0.0,0.019250083696016107,-0.07658477403700337,-0.13262108262108263,-0.13262108262108263,0.016861033696595046,0.01861987920218119,17.468354430379776,-7.161736653101002,-4.343208713814477,-2.8185279392865255,0,0.0,0.0,0.0,0.0,,,,,,,,,,,,
